timestamp,position_lat,position_long,distance,enhanced_altitude,altitude,enhanced_speed,speed,heart_rate,temperature,cadence,fractional_cadence
2021-07-11 18:01:00-07:00,10.877443850040436,79.09584403038025,0.0,-20.0,-20.0,9.756,9.756,120,31,,
2021-07-11 18:01:02-07:00,10.877545773983002,79.09558117389679,0.0,-20.0,-20.0,18.971999999999998,18.971999999999998,118,31,67,
2021-07-11 18:01:03-07:00,10.877510234713554,79.09555435180664,0.0,-20.0,-20.0,21.456,21.456,117,31,76,
2021-07-11 18:01:04-07:00,10.877476036548615,79.09546315670013,0.00643,-20.0,-20.0,23.148,23.148,117,31,68,
2021-07-11 18:01:05-07:00,10.877486765384674,79.09541487693787,0.01159,-20.0,-20.0,23.184,23.184,116,31,71,
2021-07-11 18:01:06-07:00,10.877493470907211,79.09538269042969,0.01491,-20.0,-20.0,22.788,22.788,117,31,68,
2021-07-11 18:01:07-07:00,10.877480059862137,79.09532904624939,0.021079999999999998,-20.0,-20.0,22.212,22.212,118,31,68,
2021-07-11 18:01:08-07:00,10.87747536599636,79.09528613090515,0.02607,-20.0,-20.0,23.112000000000002,23.112000000000002,119,31,70,
2021-07-11 18:01:09-07:00,10.877466648817062,79.0952217578888,0.032130000000000006,-20.0,-20.0,22.14,22.14,120,30,69,
2021-07-11 18:01:10-07:00,10.877455919981003,79.09517347812653,0.038450000000000005,-20.0,-20.0,21.240000000000002,21.240000000000002,121,30,70,
2021-07-11 18:01:11-07:00,10.877443850040436,79.09511983394623,0.04473,-20.0,-20.0,21.672,21.672,122,30,71,
2021-07-11 18:01:12-07:00,10.877431109547615,79.09505009651184,0.05132,-20.0,-20.0,23.724,23.724,122,30,71,
2021-07-11 18:01:13-07:00,10.8772661536932,79.09503400325775,0.054799999999999995,-20.0,-20.0,12.528,12.528,123,30,71,
2021-07-11 18:01:14-07:00,10.877275541424751,79.09488916397095,0.0582,-20.0,-20.0,12.24,12.24,123,30,71,
2021-07-11 18:01:15-07:00,10.877236649394035,79.09484088420868,0.06515,-20.0,-20.0,25.02,25.02,124,30,72,
2021-07-11 18:01:16-07:00,10.877334550023079,79.09472823143005,0.07241,-20.0,-20.0,26.136,26.136,124,30,72,
2021-07-11 18:01:17-07:00,10.877305045723915,79.09471213817596,0.07589,-20.0,-20.0,25.776,25.776,124,30,72,
2021-07-11 18:01:18-07:00,10.87726078927517,79.09470677375793,0.08098000000000001,-20.0,-20.0,25.884,25.884,124,30,73,
2021-07-11 18:01:19-07:00,10.877281576395035,79.09465312957764,0.08746999999999999,-20.0,-20.0,26.064,26.064,124,30,73,
2021-07-11 18:01:20-07:00,10.877285599708557,79.09455120563507,0.09437999999999999,-20.0,-20.0,24.876,24.876,124,30,73,
2021-07-11 18:01:21-07:00,10.877358689904213,79.09448683261871,0.10081,-20.0,-20.0,23.148,23.148,124,30,73,
2021-07-11 18:01:22-07:00,10.877390205860138,79.09442245960236,0.10708,-20.0,-20.0,22.572,22.572,124,30,76,
2021-07-11 18:01:23-07:00,10.87737612426281,79.09437954425812,0.11268,-20.0,-20.0,20.124,20.124,124,30,76,
2021-07-11 18:01:24-07:00,10.877334550023079,79.09429371356964,0.11929000000000001,-20.0,-20.0,23.796000000000003,23.796000000000003,125,30,76,
2021-07-11 18:01:25-07:00,10.87731309235096,79.09427762031555,0.12225,-20.0,-20.0,30.204000000000004,30.204000000000004,125,30,,
2021-07-11 18:01:26-07:00,10.877309739589691,79.09421861171722,0.12891,-20.0,-20.0,25.416,25.416,125,30,,
2021-07-11 18:01:27-07:00,10.877246037125587,79.09417033195496,0.13526,-20.0,-20.0,22.86,22.86,125,30,,
2021-07-11 18:01:28-07:00,10.87728627026081,79.09411132335663,0.14326,-20.0,-20.0,23.724,23.724,125,30,,
2021-07-11 18:01:29-07:00,10.877209827303886,79.09409523010254,0.14930000000000002,-20.0,-20.0,21.744,21.744,125,30,,
2021-07-11 18:01:30-07:00,10.877230614423752,79.09396648406982,0.1554,-20.0,-20.0,21.96,21.96,126,30,,
2021-07-11 18:01:32-07:00,10.877128019928932,79.09390211105347,0.16813999999999998,-20.0,-20.0,21.276,21.276,127,30,,
2021-07-11 18:01:33-07:00,10.877113938331604,79.09385919570923,0.17369,-20.0,-20.0,21.024,21.024,127,30,,
2021-07-11 18:01:34-07:00,10.87710052728653,79.09381091594696,0.1794,-20.0,-20.0,23.688000000000002,23.688000000000002,128,30,,
2021-07-11 18:01:35-07:00,10.877123326063156,79.09371972084045,0.1859,-20.0,-20.0,23.400000000000002,23.400000000000002,129,30,,
2021-07-11 18:01:36-07:00,10.877125337719917,79.09366071224213,0.19282,-20.0,-20.0,22.824,22.824,129,30,,
2021-07-11 18:01:37-07:00,10.877123326063156,79.0936017036438,0.19912,-20.0,-20.0,23.58,23.58,130,30,,
2021-07-11 18:01:38-07:00,10.877123326063156,79.09349977970123,0.20593999999999998,-20.0,-20.0,24.552000000000003,24.552000000000003,130,30,,
2021-07-11 18:01:39-07:00,10.877121314406395,79.09344613552094,0.21104,-20.0,-20.0,24.264000000000003,24.264000000000003,130,30,,
2021-07-11 18:01:40-07:00,10.877156853675842,79.09339249134064,0.21838,-20.0,-20.0,24.552000000000003,24.552000000000003,130,30,,
2021-07-11 18:01:46-07:00,10.87700329720974,79.09311354160309,0.25362,-20.0,-20.0,25.344,25.344,131,30,,
2021-07-11 18:01:47-07:00,10.876906737685204,79.0931886434555,0.25972,-20.0,-20.0,21.96,21.96,131,30,,
2021-07-11 18:01:52-07:00,10.876928865909576,79.09282922744751,0.29906,-20.0,-20.0,19.692,19.692,132,30,,
2021-07-11 18:01:53-07:00,10.876855105161667,79.09275949001312,0.3053,-20.0,-20.0,22.464000000000002,22.464000000000002,131,30,,
2021-07-11 18:01:54-07:00,10.876965075731277,79.09263074398041,0.31259,-20.0,-20.0,26.244,26.244,131,30,,
2021-07-11 18:01:55-07:00,10.876925513148308,79.0925395488739,0.31979,-20.0,-20.0,25.92,25.92,131,30,,
2021-07-11 18:01:56-07:00,10.876970440149307,79.09250736236572,0.32604,-20.0,-20.0,24.516,24.516,131,30,,
2021-07-11 18:01:59-07:00,10.877076387405396,79.09218549728394,0.36236,-20.0,-20.0,24.336,24.336,132,30,,
2021-07-11 18:02:00-07:00,10.877115279436111,79.09209430217743,0.36915,-20.0,-20.0,24.444,24.444,132,30,,
2021-07-11 18:02:01-07:00,10.877022743225098,79.09213185310364,0.37666000000000005,-20.0,-20.0,27.036,27.036,132,30,,
2021-07-11 18:02:02-07:00,10.877047553658485,79.09202992916107,0.38395999999999997,-20.0,-20.0,26.28,26.28,133,30,,
2021-07-11 18:02:03-07:00,10.876960381865501,79.09205675125122,0.39080000000000004,-20.0,-20.0,24.624,24.624,133,30,,
2021-07-11 18:02:04-07:00,10.876951664686203,79.0919977426529,0.39796,-20.0,-20.0,23.868,23.868,133,30,,
2021-07-11 18:02:12-07:00,10.876638516783714,79.09139692783356,0.47184,-20.0,-20.0,20.988,20.988,131,30,,
2021-07-11 18:02:13-07:00,10.876786708831787,79.09129500389099,0.47775,-20.0,-20.0,21.276,21.276,131,30,,
2021-07-11 18:02:14-07:00,10.876841023564339,79.0911877155304,0.48441,-20.0,-20.0,23.976000000000003,23.976000000000003,130,30,,
2021-07-11 18:02:15-07:00,10.876888632774353,79.0911716222763,0.48973,-20.0,-20.0,25.488,25.488,130,30,,
2021-07-11 18:02:16-07:00,10.876856446266174,79.0911340713501,0.49465,-20.0,-20.0,24.48,24.48,130,30,,
2021-07-11 18:02:17-07:00,10.876775309443474,79.0911340713501,0.50182,-20.0,-20.0,25.812,25.812,129,30,,
2021-07-11 18:02:18-07:00,10.876723676919937,79.0911716222763,0.5081100000000001,-20.0,-20.0,25.704,25.704,128,30,,
2021-07-11 18:02:20-07:00,10.876570120453835,79.09107506275177,0.52808,-20.0,-20.0,22.788,22.788,127,30,,
2021-07-11 18:02:21-07:00,10.876411870121956,79.09109115600586,0.53537,-20.0,-20.0,26.244,26.244,126,30,87,
2021-07-11 18:02:22-07:00,10.876450091600418,79.09094631671906,0.5428200000000001,-20.0,-20.0,26.82,26.82,126,30,79,
2021-07-11 18:02:23-07:00,10.876570120453835,79.09085512161255,0.54928,-20.0,-20.0,23.256,23.256,127,30,78,
2021-07-11 18:02:24-07:00,10.87657280266285,79.09074783325195,0.55564,-20.0,-20.0,22.896,22.896,126,30,81,
2021-07-11 18:02:29-07:00,10.87691143155098,79.09006655216217,0.63903,-20.0,-20.0,23.184,23.184,127,30,,
2021-07-11 18:02:30-07:00,10.876946970820427,79.08995389938354,0.6456799999999999,-20.0,-20.0,23.94,23.94,128,30,,
2021-07-11 18:02:31-07:00,10.876891314983368,79.08995389938354,0.6518999999999999,-20.0,-20.0,24.840000000000003,24.840000000000003,128,30,,
2021-07-11 18:02:32-07:00,10.876896008849144,79.08987879753113,0.66001,-20.0,-20.0,24.876,24.876,128,30,,
2021-07-11 18:02:33-07:00,10.876880586147308,79.08982515335083,0.66649,-20.0,-20.0,24.912,24.912,128,30,,
2021-07-11 18:02:34-07:00,10.876871198415756,79.08976078033447,0.67327,-20.0,-20.0,25.092,25.092,129,30,,
2021-07-11 18:02:35-07:00,10.876871198415756,79.08971786499023,0.6779700000000001,-20.0,-20.0,26.064,26.064,130,30,,
2021-07-11 18:02:36-07:00,10.876853093504906,79.08964812755585,0.68538,-20.0,-20.0,25.596,25.596,130,30,,
2021-07-11 18:02:37-07:00,10.876873210072517,79.08955693244934,0.6921799999999999,-20.0,-20.0,24.48,24.48,131,30,,
2021-07-11 18:02:38-07:00,10.87685041129589,79.08948183059692,0.70037,-20.0,-20.0,24.732,24.732,131,30,,
2021-07-11 18:02:39-07:00,10.876786708831787,79.08948183059692,0.70741,-20.0,-20.0,24.048,24.048,131,30,,
2021-07-11 18:02:40-07:00,10.876825600862503,79.08936381340027,0.7140700000000001,-20.0,-20.0,23.976000000000003,23.976000000000003,131,30,,
2021-07-11 18:02:41-07:00,10.876775309443474,79.08933699131012,0.7202799999999999,-20.0,-20.0,24.984,24.984,131,30,,
2021-07-11 18:02:42-07:00,10.876710936427116,79.08933699131012,0.7273099999999999,-20.0,-20.0,24.336,24.336,131,30,,
2021-07-11 18:02:43-07:00,10.876641869544983,79.08934235572815,0.735,-20.0,-20.0,24.12,24.12,132,30,,
2021-07-11 18:02:44-07:00,10.876647904515266,79.08926725387573,0.74309,-20.0,-20.0,24.12,24.12,132,30,,
2021-07-11 18:02:45-07:00,10.876663327217102,79.08915996551514,0.75028,-20.0,-20.0,25.884,25.884,133,30,,
2021-07-11 18:02:46-07:00,10.87668813765049,79.08905804157257,0.75789,-20.0,-20.0,27.396,27.396,133,30,,
2021-07-11 18:02:47-07:00,10.876683443784714,79.08899366855621,0.76475,-20.0,-20.0,25.92,25.92,133,30,,
2021-07-11 18:02:48-07:00,10.876712948083878,79.08890783786774,0.77191,-20.0,-20.0,25.776,25.776,134,29,,
2021-07-11 18:02:49-07:00,10.876712948083878,79.08883810043335,0.7788099999999999,-20.0,-20.0,25.488,25.488,133,29,,
2021-07-11 18:02:50-07:00,10.876681432127953,79.08879518508911,0.78499,-20.0,-20.0,25.488,25.488,133,29,,
2021-07-11 18:02:51-07:00,10.876668021082878,79.08874154090881,0.7915099999999999,-20.0,-20.0,25.452,25.452,133,29,,
2021-07-11 18:02:52-07:00,10.876663327217102,79.08867180347443,0.79796,-20.0,-20.0,24.12,24.12,133,29,,
2021-07-11 18:02:53-07:00,10.876635164022446,79.08862352371216,0.8044199999999999,-20.0,-20.0,24.624,24.624,134,29,,
2021-07-11 18:02:54-07:00,10.876696184277534,79.08848941326141,0.81123,-20.0,-20.0,24.516,24.516,134,29,,
2021-07-11 18:02:55-07:00,10.876608341932297,79.08851087093353,0.81768,-20.0,-20.0,23.220000000000002,23.220000000000002,135,29,,
2021-07-11 18:02:56-07:00,10.876668021082878,79.08833384513855,0.82404,-20.0,-20.0,22.896,22.896,136,29,,
2021-07-11 18:02:57-07:00,10.87660364806652,79.08838212490082,0.83231,-20.0,-20.0,22.824,22.824,137,29,,
2021-07-11 18:02:58-07:00,10.876596942543983,79.08831238746643,0.83921,-20.0,-20.0,24.336,24.336,137,29,,
2021-07-11 18:02:59-07:00,10.876566097140312,79.08824265003204,0.84601,-20.0,-20.0,24.48,24.48,137,29,,
2021-07-11 18:03:00-07:00,10.876518487930298,79.08816754817963,0.85302,-20.0,-20.0,25.236,25.236,138,29,,
2021-07-11 18:03:01-07:00,10.87652787566185,79.08809244632721,0.8613,-20.0,-20.0,25.956,25.956,138,29,,
2021-07-11 18:03:02-07:00,10.876456797122955,79.0881085395813,0.86936,-20.0,-20.0,25.38,25.38,138,29,,
2021-07-11 18:03:03-07:00,10.876433327794075,79.08806025981903,0.87563,-20.0,-20.0,25.272,25.272,137,29,,
2021-07-11 18:03:04-07:00,10.876435339450836,79.08796906471252,0.88273,-20.0,-20.0,25.56,25.56,137,29,,
2021-07-11 18:03:05-07:00,10.876403152942657,79.08792078495026,0.8887999999999999,-20.0,-20.0,25.92,25.92,137,29,,
2021-07-11 18:03:06-07:00,10.876433327794075,79.08784031867981,0.89611,-20.0,-20.0,26.316,26.316,138,29,,
2021-07-11 18:03:07-07:00,10.876393765211105,79.08779203891754,0.9026900000000001,-20.0,-20.0,27.144000000000002,27.144000000000002,138,29,,
2021-07-11 18:03:08-07:00,10.876405835151672,79.08772230148315,0.91026,-20.0,-20.0,27.252000000000002,27.252000000000002,139,29,,
2021-07-11 18:03:09-07:00,10.876331403851509,79.08767938613892,0.9175399999999999,-20.0,-20.0,26.208000000000002,26.208000000000002,139,29,,
2021-07-11 18:03:10-07:00,10.876317992806435,79.08762037754059,0.92487,-20.0,-20.0,24.804,24.804,139,29,,
2021-07-11 18:03:11-07:00,10.876324698328972,79.0875506401062,0.933,-20.0,-20.0,24.912,24.912,140,29,,
2021-07-11 18:03:12-07:00,10.876330733299255,79.08744871616364,0.94078,-20.0,-20.0,28.008000000000003,28.008000000000003,140,29,,
2021-07-11 18:03:13-07:00,10.876346156001091,79.08734142780304,0.94889,-20.0,-20.0,29.195999999999998,29.195999999999998,140,29,,
2021-07-11 18:03:14-07:00,10.876242890954018,79.08738970756531,0.95656,-20.0,-20.0,27.612000000000002,27.612000000000002,140,29,,
2021-07-11 18:03:15-07:00,10.87627038359642,79.08728778362274,0.9644299999999999,-20.0,-20.0,28.332,28.332,140,29,,
2021-07-11 18:03:16-07:00,10.876240879297256,79.08725023269653,0.9705499999999999,-20.0,-20.0,27.791999999999998,27.791999999999998,140,29,,
2021-07-11 18:03:17-07:00,10.876260995864868,79.087153673172,0.97824,-20.0,-20.0,27.684,27.684,140,29,,
2021-07-11 18:03:18-07:00,10.87626837193966,79.08707857131958,0.9858899999999999,-20.0,-20.0,27.540000000000003,27.540000000000003,141,29,,
2021-07-11 18:03:19-07:00,10.87632268667221,79.08697664737701,0.9924700000000001,-20.0,-20.0,23.688000000000002,23.688000000000002,141,29,,
2021-07-11 18:03:20-07:00,10.876376330852509,79.08683717250824,0.9989199999999999,-20.0,-20.0,23.220000000000002,23.220000000000002,141,29,,
2021-07-11 18:03:21-07:00,10.876440033316612,79.0866869688034,1.00578,-20.0,-20.0,24.696,24.696,141,29,,
2021-07-11 18:03:22-07:00,10.876344814896584,79.08669233322144,1.01265,-20.0,-20.0,24.732,24.732,141,29,,
2021-07-11 18:03:23-07:00,10.87632603943348,79.08663868904114,1.01917,-20.0,-20.0,26.28,26.28,141,29,,
2021-07-11 18:03:24-07:00,10.876370966434479,79.08657968044281,1.0269300000000001,-20.0,-20.0,27.936,27.936,142,29,,
2021-07-11 18:03:25-07:00,10.87632268667221,79.08652603626251,1.0346,-20.0,-20.0,27.828000000000003,27.828000000000003,142,29,,
2021-07-11 18:03:26-07:00,10.876344814896584,79.08645629882812,1.0426199999999999,-20.0,-20.0,26.928,26.928,142,29,,
2021-07-11 18:03:27-07:00,10.87636761367321,79.08639192581177,1.0506900000000001,-20.0,-20.0,26.928,26.928,142,29,,
2021-07-11 18:03:28-07:00,10.876401141285896,79.08632218837738,1.05908,-20.0,-20.0,28.044,28.044,142,29,,
2021-07-11 18:03:29-07:00,10.876407846808434,79.08625781536102,1.06518,-20.0,-20.0,26.388,26.388,142,29,,
2021-07-11 18:03:30-07:00,10.876427963376045,79.0861988067627,1.0719400000000001,-20.0,-20.0,23.796000000000003,23.796000000000003,143,29,,
2021-07-11 18:03:31-07:00,10.876433327794075,79.0861451625824,1.0787200000000001,-20.0,-20.0,26.64,26.64,143,29,,
2021-07-11 18:03:32-07:00,10.876381024718285,79.0861451625824,1.08452,-20.0,-20.0,26.964000000000002,26.964000000000002,143,29,,
2021-07-11 18:03:33-07:00,10.876365602016449,79.08610224723816,1.08999,-20.0,-20.0,25.308,25.308,143,29,,
2021-07-11 18:03:34-07:00,10.876418575644493,79.0859842300415,1.09763,-20.0,-20.0,27.503999999999998,27.503999999999998,143,29,,
2021-07-11 18:03:35-07:00,10.87646484375,79.08592522144318,1.1059400000000001,-20.0,-20.0,21.78,21.78,142,29,,
2021-07-11 18:03:36-07:00,10.876532569527626,79.0857857465744,1.11032,-20.0,-20.0,15.768,15.768,142,29,,
2021-07-11 18:03:37-07:00,10.876484960317612,79.0858393907547,1.1182,-20.0,-20.0,17.28,17.28,142,29,,
2021-07-11 18:03:38-07:00,10.876395776867867,79.08597886562347,1.1238599999999999,-20.0,-20.0,20.376,20.376,142,29,64,
2021-07-11 18:03:39-07:00,10.87638035416603,79.08596813678741,1.12575,-20.0,-20.0,20.376,20.376,141,29,56,
2021-07-11 18:03:40-07:00,10.876275077462196,79.0860378742218,1.1293199999999999,-20.0,-20.0,12.852,12.852,140,29,57,
2021-07-11 18:03:41-07:00,10.87627038359642,79.08596277236938,1.13753,-20.0,-20.0,10.908,10.908,140,29,59,
2021-07-11 18:03:42-07:00,10.87615504860878,79.08607006072998,1.1425699999999999,-20.0,-20.0,18.144000000000002,18.144000000000002,139,29,61,
2021-07-11 18:03:43-07:00,10.876347497105598,79.08590912818909,1.14946,-20.0,-20.0,24.804,24.804,139,29,62,
2021-07-11 18:03:44-07:00,10.876547992229462,79.0857321023941,1.1558599999999999,-20.0,-20.0,23.040000000000003,23.040000000000003,139,29,58,
2021-07-11 18:03:45-07:00,10.876433327794075,79.0856784582138,1.1618199999999999,-20.0,-20.0,21.456,21.456,139,29,63,
2021-07-11 18:03:46-07:00,10.876536592841148,79.08551752567291,1.16744,-20.0,-20.0,20.232,20.232,139,29,65,
2021-07-11 18:03:47-07:00,10.876470878720284,79.08554434776306,1.1751500000000001,-20.0,-20.0,19.656,19.656,139,29,68,
2021-07-11 18:03:48-07:00,10.876536592841148,79.0854424238205,1.18117,-20.0,-20.0,21.672,21.672,139,29,68,
2021-07-11 18:03:49-07:00,10.87657280266285,79.08536732196808,1.18696,-20.0,-20.0,20.844,20.844,138,29,67,
2021-07-11 18:03:50-07:00,10.87674044072628,79.0851902961731,1.19282,-20.0,-20.0,21.096,21.096,138,29,71,
2021-07-11 18:03:51-07:00,10.87680347263813,79.08509373664856,1.1990999999999998,-20.0,-20.0,22.608,22.608,138,29,73,
2021-07-11 18:03:52-07:00,10.876856446266174,79.0850293636322,1.2063199999999998,-20.0,-20.0,25.992,25.992,138,29,77,
2021-07-11 18:03:53-07:00,10.876846387982368,79.08501863479614,1.20828,-20.0,-20.0,27.324,27.324,138,29,77,
2021-07-11 18:03:54-07:00,10.876841023564339,79.08500790596008,1.2099000000000002,-20.0,-20.0,22.14,22.14,138,29,78,
2021-07-11 18:03:55-07:00,10.876725688576698,79.0850293636322,1.2148299999999999,-20.0,-20.0,17.748,17.748,137,29,80,
2021-07-11 18:03:56-07:00,10.876855105161667,79.08487915992737,1.22027,-20.0,-20.0,19.584000000000003,19.584000000000003,138,29,75,
2021-07-11 18:03:57-07:00,10.876808166503906,79.08487379550934,1.22572,-20.0,-20.0,18.612000000000002,18.612000000000002,138,29,71,
2021-07-11 18:03:58-07:00,10.876960381865501,79.08469676971436,1.23155,-20.0,-20.0,20.988,20.988,139,29,71,
2021-07-11 18:03:59-07:00,10.876811519265175,79.08478796482086,1.23836,-20.0,-20.0,24.516,24.516,139,29,80,
2021-07-11 18:04:00-07:00,10.876836329698563,79.08477187156677,1.24162,-20.0,-20.0,25.704,25.704,140,29,72,
2021-07-11 18:04:01-07:00,10.876794755458832,79.08476650714874,1.2463199999999999,-20.0,-20.0,22.68,22.68,140,29,74,
2021-07-11 18:04:02-07:00,10.876935571432114,79.0845787525177,1.2514100000000001,-20.0,-20.0,18.324,18.324,140,29,77,
2021-07-11 18:04:03-07:00,10.877004638314247,79.08446073532104,1.2579500000000001,-20.0,-20.0,23.544,23.544,140,29,84,
2021-07-11 18:04:04-07:00,10.877030789852142,79.08439636230469,1.26505,-20.0,-20.0,26.388,26.388,140,29,79,
2021-07-11 18:04:05-07:00,10.87713673710823,79.08426761627197,1.2718900000000002,-20.0,-20.0,24.624,24.624,140,29,84,
2021-07-11 18:04:06-07:00,10.877096503973007,79.08427834510803,1.2765499999999999,-20.0,-20.0,25.344,25.344,141,29,86,
2021-07-11 18:04:07-07:00,10.87710052728653,79.08419251441956,1.28486,-20.0,-20.0,26.496000000000002,26.496000000000002,141,29,82,
2021-07-11 18:04:08-07:00,10.877256765961647,79.08404231071472,1.2923,-20.0,-20.0,26.784000000000002,26.784000000000002,142,29,88,
2021-07-11 18:04:09-07:00,10.87727889418602,79.08395648002625,1.3010599999999999,-20.0,-20.0,31.536,31.536,142,29,93,
2021-07-11 18:04:10-07:00,10.877311080694199,79.08388674259186,1.3091199999999998,-20.0,-20.0,30.672,30.672,143,29,89,
2021-07-11 18:04:11-07:00,10.877220556139946,79.08387064933777,1.31613,-20.0,-20.0,25.236,25.236,143,29,80,
2021-07-11 18:04:12-07:00,10.877306386828423,79.08376336097717,1.32262,-20.0,-20.0,23.364,23.364,143,29,79,
2021-07-11 18:04:13-07:00,10.877308398485184,79.08370435237885,1.32919,-20.0,-20.0,22.86,22.86,144,29,84,
2021-07-11 18:04:14-07:00,10.877334550023079,79.08362925052643,1.33629,-20.0,-20.0,25.56,25.56,144,29,84,
2021-07-11 18:04:15-07:00,10.877189710736275,79.08372581005096,1.34306,-20.0,-20.0,24.372,24.372,144,29,89,
2021-07-11 18:04:16-07:00,10.877285599708557,79.08357560634613,1.3492899999999999,-20.0,-20.0,22.428,22.428,145,29,88,
2021-07-11 18:04:17-07:00,10.87727889418602,79.08353805541992,1.3531900000000001,-20.0,-20.0,25.92,25.92,145,29,82,
2021-07-11 18:04:18-07:00,10.877272859215736,79.08345758914948,1.3603900000000002,-20.0,-20.0,25.92,25.92,145,29,82,
2021-07-11 18:04:19-07:00,10.877245366573334,79.08347368240356,1.36416,-20.0,-20.0,23.976000000000003,23.976000000000003,145,29,83,
2021-07-11 18:04:20-07:00,10.877220556139946,79.08347368240356,1.36695,-20.0,-20.0,28.008000000000003,28.008000000000003,145,29,83,
2021-07-11 18:04:21-07:00,10.877272859215736,79.08337712287903,1.37501,-20.0,-20.0,29.016000000000002,29.016000000000002,145,29,83,
2021-07-11 18:04:22-07:00,10.87727889418602,79.08333957195282,1.37937,-20.0,-20.0,26.424,26.424,146,29,83,
2021-07-11 18:04:23-07:00,10.877311080694199,79.08321619033813,1.38701,-20.0,-20.0,27.503999999999998,27.503999999999998,146,29,78,
2021-07-11 18:04:24-07:00,10.87738148868084,79.08306062221527,1.39469,-20.0,-20.0,27.648,27.648,146,29,78,
2021-07-11 18:04:25-07:00,10.877300351858139,79.08307135105133,1.4018,-20.0,-20.0,25.596,25.596,146,29,78,
2021-07-11 18:04:26-07:00,10.877308398485184,79.08299624919891,1.4100899999999998,-20.0,-20.0,24.66,24.66,147,29,106,
2021-07-11 18:04:27-07:00,10.877326503396034,79.08293187618256,1.4176900000000001,-20.0,-20.0,25.056,25.056,147,29,86,
2021-07-11 18:04:28-07:00,10.877335891127586,79.08286213874817,1.42529,-20.0,-20.0,26.064,26.064,147,29,98,
2021-07-11 18:04:29-07:00,10.877315104007721,79.08278703689575,1.43371,-20.0,-20.0,25.740000000000002,25.740000000000002,147,29,83,
2021-07-11 18:04:30-07:00,10.87729498744011,79.08271193504333,1.44202,-20.0,-20.0,25.596,25.596,147,29,83,
2021-07-11 18:04:31-07:00,10.87729699909687,79.08264219760895,1.4498,-20.0,-20.0,25.308,25.308,147,29,83,
2021-07-11 18:04:32-07:00,10.877309739589691,79.08258318901062,1.45642,-20.0,-20.0,25.488,25.488,147,29,,
2021-07-11 18:04:33-07:00,10.87731845676899,79.08251345157623,1.46407,-20.0,-20.0,26.208000000000002,26.208000000000002,148,29,,
2021-07-11 18:04:34-07:00,10.877333208918571,79.08244371414185,1.47183,-20.0,-20.0,26.064,26.064,148,29,,
2021-07-11 18:04:35-07:00,10.87735265493393,79.08236861228943,1.47998,-20.0,-20.0,25.308,25.308,148,29,,
2021-07-11 18:04:36-07:00,10.877360701560974,79.0823096036911,1.48756,-20.0,-20.0,24.66,24.66,148,29,,
2021-07-11 18:04:37-07:00,10.877361372113228,79.08222913742065,1.4953699999999999,-20.0,-20.0,25.236,25.236,148,29,,
2021-07-11 18:04:38-07:00,10.87736539542675,79.0821647644043,1.5030299999999999,-20.0,-20.0,25.092,25.092,148,29,,
2021-07-11 18:04:39-07:00,10.877374783158302,79.08209502696991,1.50999,-20.0,-20.0,23.508000000000003,23.508000000000003,148,29,,
2021-07-11 18:04:40-07:00,10.877380818128586,79.08204138278961,1.5162200000000001,-20.0,-20.0,24.948,24.948,147,29,,
2021-07-11 18:04:41-07:00,10.877392888069153,79.08198237419128,1.52342,-20.0,-20.0,27.036,27.036,146,29,,
2021-07-11 18:04:42-07:00,10.877405628561974,79.0819126367569,1.5306300000000002,-20.0,-20.0,26.856,26.856,146,29,,
2021-07-11 18:04:43-07:00,10.877413004636765,79.08184826374054,1.53805,-20.0,-20.0,26.964000000000002,26.964000000000002,145,29,,
2021-07-11 18:04:44-07:00,10.877420380711555,79.08178389072418,1.54553,-20.0,-20.0,25.668,25.668,145,29,,
2021-07-11 18:04:45-07:00,10.877425745129585,79.0817141532898,1.55232,-20.0,-20.0,24.372,24.372,145,29,,
2021-07-11 18:04:46-07:00,10.877426415681839,79.08164978027344,1.5591199999999998,-20.0,-20.0,24.66,24.66,145,29,,
2021-07-11 18:04:47-07:00,10.877423733472824,79.08158540725708,1.56657,-20.0,-20.0,25.704,25.704,144,29,,
2021-07-11 18:04:48-07:00,10.87741769850254,79.08152103424072,1.57397,-20.0,-20.0,25.632,25.632,144,29,,
2021-07-11 18:04:49-07:00,10.877413004636765,79.0814620256424,1.58084,-20.0,-20.0,24.876,24.876,144,29,,
2021-07-11 18:04:50-07:00,10.87741032242775,79.08139228820801,1.58806,-20.0,-20.0,25.02,25.02,144,29,,
2021-07-11 18:04:51-07:00,10.877400934696198,79.08132255077362,1.59541,-20.0,-20.0,25.128000000000004,25.128000000000004,143,29,,
2021-07-11 18:04:52-07:00,10.877390205860138,79.08125281333923,1.60258,-20.0,-20.0,25.56,25.56,143,29,,
2021-07-11 18:04:53-07:00,10.877388194203377,79.08118844032288,1.61003,-20.0,-20.0,25.632,25.632,143,29,,
2021-07-11 18:04:54-07:00,10.877388194203377,79.08112406730652,1.61739,-20.0,-20.0,24.624,24.624,143,29,,
2021-07-11 18:04:55-07:00,10.8773835003376,79.08105432987213,1.6244,-20.0,-20.0,24.228,24.228,142,29,,
2021-07-11 18:04:56-07:00,10.87737612426281,79.0809953212738,1.63142,-20.0,-20.0,25.524,25.524,141,29,,
2021-07-11 18:04:57-07:00,10.877378806471825,79.08092021942139,1.6391,-20.0,-20.0,24.840000000000003,24.840000000000003,140,29,,
2021-07-11 18:04:58-07:00,10.877380818128586,79.08086657524109,1.64581,-20.0,-20.0,21.78,21.78,139,29,,
2021-07-11 18:04:59-07:00,10.877380818128586,79.08081293106079,1.65156,-20.0,-20.0,21.168,21.168,138,29,,
2021-07-11 18:05:00-07:00,10.87738148868084,79.08075392246246,1.65778,-20.0,-20.0,23.436,23.436,138,29,,
2021-07-11 18:05:01-07:00,10.87738148868084,79.0806895494461,1.66472,-20.0,-20.0,25.02,25.02,137,29,,
2021-07-11 18:05:02-07:00,10.877380818128586,79.08063054084778,1.67195,-20.0,-20.0,24.876,24.876,137,29,,
2021-07-11 18:05:03-07:00,10.877372771501541,79.08056080341339,1.67919,-20.0,-20.0,24.588,24.588,137,29,,
2021-07-11 18:05:04-07:00,10.877363383769989,79.080491065979,1.6864700000000001,-20.0,-20.0,25.056,25.056,137,29,,
2021-07-11 18:05:05-07:00,10.877358689904213,79.08042132854462,1.6936600000000002,-20.0,-20.0,24.876,24.876,137,29,,
2021-07-11 18:05:06-07:00,10.87735466659069,79.08036231994629,1.70052,-20.0,-20.0,24.12,24.12,137,29,,
2021-07-11 18:05:07-07:00,10.877346619963646,79.08030867576599,1.70732,-20.0,-20.0,23.94,23.94,137,29,,
2021-07-11 18:05:08-07:00,10.877345278859138,79.0802389383316,1.7140199999999999,-20.0,-20.0,24.12,24.12,137,29,,
2021-07-11 18:05:09-07:00,10.877343267202377,79.08017992973328,1.7209,-20.0,-20.0,23.976000000000003,23.976000000000003,136,29,,
2021-07-11 18:05:10-07:00,10.877343267202377,79.08011019229889,1.72756,-20.0,-20.0,24.588,24.588,135,29,,
2021-07-11 18:05:11-07:00,10.877338573336601,79.08005118370056,1.73466,-20.0,-20.0,24.984,24.984,135,29,,
2021-07-11 18:05:12-07:00,10.877338573336601,79.0799868106842,1.74183,-20.0,-20.0,24.012,24.012,135,29,,
2021-07-11 18:05:13-07:00,10.877340584993362,79.07992243766785,1.74875,-20.0,-20.0,23.436,23.436,136,29,,
2021-07-11 18:05:14-07:00,10.877345278859138,79.07985806465149,1.75566,-20.0,-20.0,23.796000000000003,23.796000000000003,137,29,,
2021-07-11 18:05:15-07:00,10.877345278859138,79.0797883272171,1.76283,-20.0,-20.0,24.048,24.048,137,29,,
2021-07-11 18:05:16-07:00,10.87735466659069,79.07972931861877,1.7697100000000001,-20.0,-20.0,23.796000000000003,23.796000000000003,138,29,,
2021-07-11 18:05:17-07:00,10.877356007695198,79.07967567443848,1.77632,-20.0,-20.0,23.364,23.364,138,29,,
2021-07-11 18:05:18-07:00,10.87735265493393,79.07960593700409,1.7826,-20.0,-20.0,22.32,22.32,138,29,,
2021-07-11 18:05:19-07:00,10.877351313829422,79.07955229282379,1.7886300000000002,-20.0,-20.0,22.644000000000002,22.644000000000002,138,29,,
2021-07-11 18:05:20-07:00,10.877349972724915,79.0794986486435,1.79531,-20.0,-20.0,23.040000000000003,23.040000000000003,137,29,,
2021-07-11 18:05:21-07:00,10.877351313829422,79.07943964004517,1.80132,-20.0,-20.0,22.068,22.068,136,29,,
2021-07-11 18:05:22-07:00,10.877347961068153,79.0793913602829,1.80699,-20.0,-20.0,21.348,21.348,135,29,,
2021-07-11 18:05:23-07:00,10.877345278859138,79.0793377161026,1.81272,-20.0,-20.0,20.916,20.916,134,29,,
2021-07-11 18:05:24-07:00,10.877345278859138,79.07927870750427,1.8186,-20.0,-20.0,20.376,20.376,133,29,,
2021-07-11 18:05:25-07:00,10.877343267202377,79.07923579216003,1.8242,-20.0,-20.0,19.548,19.548,133,29,,
2021-07-11 18:05:26-07:00,10.877341255545616,79.07918751239777,1.8295599999999999,-20.0,-20.0,17.964000000000002,17.964000000000002,131,29,,
2021-07-11 18:05:27-07:00,10.877345278859138,79.0791392326355,1.83429,-20.0,-20.0,17.28,17.28,131,29,,
2021-07-11 18:05:28-07:00,10.877358689904213,79.07909631729126,1.83931,-20.0,-20.0,18.971999999999998,18.971999999999998,131,29,,
2021-07-11 18:05:29-07:00,10.877372771501541,79.07904803752899,1.84501,-20.0,-20.0,20.556,20.556,131,29,,
2021-07-11 18:05:30-07:00,10.877395570278168,79.07900512218475,1.85086,-20.0,-20.0,21.168,21.168,131,29,,
2021-07-11 18:05:31-07:00,10.87741568684578,79.0789407491684,1.85685,-20.0,-20.0,20.52,20.52,132,28,54,
2021-07-11 18:05:32-07:00,10.877435803413391,79.07889783382416,1.86245,-20.0,-20.0,20.988,20.988,132,29,54,
2021-07-11 18:05:33-07:00,10.877465307712555,79.07884955406189,1.86874,-20.0,-20.0,22.032,22.032,132,29,58,
2021-07-11 18:05:34-07:00,10.877508223056793,79.07881200313568,1.8753199999999999,-20.0,-20.0,21.78,21.78,133,28,60,
2021-07-11 18:05:35-07:00,10.877546444535255,79.07875835895538,1.8818199999999998,-20.0,-20.0,22.788,22.788,133,28,63,
2021-07-11 18:05:36-07:00,10.87757594883442,79.07871544361115,1.8885399999999999,-20.0,-20.0,24.768,24.768,133,28,68,
2021-07-11 18:05:37-07:00,10.877600088715553,79.07865107059479,1.8958,-20.0,-20.0,25.488,25.488,132,28,68,
2021-07-11 18:05:38-07:00,10.877613499760628,79.07858669757843,1.90275,-20.0,-20.0,23.724,23.724,132,28,68,
2021-07-11 18:05:39-07:00,10.877625569701195,79.07853305339813,1.90894,-20.0,-20.0,22.824,22.824,131,28,,
2021-07-11 18:05:40-07:00,10.877638310194016,79.07846868038177,1.91545,-20.0,-20.0,22.14,22.14,130,28,,
2021-07-11 18:05:41-07:00,10.877643004059792,79.07841503620148,1.92153,-20.0,-20.0,20.52,20.52,129,28,,
2021-07-11 18:05:42-07:00,10.877647027373314,79.07837212085724,1.92717,-20.0,-20.0,19.259999999999998,19.259999999999998,129,28,89,
2021-07-11 18:05:43-07:00,10.877650380134583,79.07832384109497,1.9324100000000002,-20.0,-20.0,20.088,20.088,129,28,89,
2021-07-11 18:05:44-07:00,10.877648368477821,79.07825410366058,1.93873,-20.0,-20.0,21.6,21.6,130,28,71,
2021-07-11 18:05:45-07:00,10.877636298537254,79.07821118831635,1.94492,-20.0,-20.0,10.764000000000001,10.764000000000001,131,28,71,
2021-07-11 18:05:46-07:00,10.87763361632824,79.07814145088196,1.9513900000000002,-20.0,-20.0,11.088000000000001,11.088000000000001,132,28,71,
2021-07-11 18:05:47-07:00,10.87763026356697,79.07808780670166,1.95798,-20.0,-20.0,22.392,22.392,133,28,,
2021-07-11 18:05:48-07:00,10.877626910805702,79.07802879810333,1.9646,-20.0,-20.0,23.688000000000002,23.688000000000002,134,28,,
2021-07-11 18:05:49-07:00,10.877611488103867,79.07795906066895,1.97147,-20.0,-20.0,23.256,23.256,136,28,,
2021-07-11 18:05:50-07:00,10.877602770924568,79.07791078090668,1.97726,-20.0,-20.0,22.968,22.968,137,28,,
2021-07-11 18:05:51-07:00,10.877593383193016,79.07785177230835,1.9841099999999998,-20.0,-20.0,23.904,23.904,137,28,,
2021-07-11 18:05:52-07:00,10.877582654356956,79.07778203487396,1.99112,-20.0,-20.0,24.264000000000003,24.264000000000003,138,28,,
2021-07-11 18:05:53-07:00,10.877561196684837,79.07772302627563,1.99869,-20.0,-20.0,23.652,23.652,139,28,,
2021-07-11 18:05:54-07:00,10.877553150057793,79.07766401767731,2.00602,-20.0,-20.0,22.5,22.5,139,28,,
2021-07-11 18:05:55-07:00,10.877550467848778,79.07759428024292,2.01294,-20.0,-20.0,23.148,23.148,139,28,,
2021-07-11 18:05:56-07:00,10.877537727355957,79.07752990722656,2.01979,-20.0,-20.0,22.14,22.14,139,28,,
2021-07-11 18:05:57-07:00,10.877530351281166,79.07747626304626,2.02548,-20.0,-20.0,20.484,20.484,139,28,,
2021-07-11 18:05:58-07:00,10.877520963549614,79.07742261886597,2.03125,-20.0,-20.0,20.376,20.376,139,28,,
2021-07-11 18:05:59-07:00,10.877508223056793,79.07737970352173,2.03686,-20.0,-20.0,19.98,19.98,139,28,,
2021-07-11 18:06:00-07:00,10.877506211400032,79.07733142375946,2.04243,-20.0,-20.0,20.268,20.268,139,28,,
2021-07-11 18:06:01-07:00,10.877503529191017,79.07727241516113,2.04814,-20.0,-20.0,21.96,21.96,139,28,,
2021-07-11 18:06:02-07:00,10.877506211400032,79.07721877098083,2.05416,-20.0,-20.0,22.896,22.896,140,28,,
2021-07-11 18:06:03-07:00,10.877505540847778,79.07716512680054,2.0604400000000003,-20.0,-20.0,21.528000000000002,21.528000000000002,140,28,,
2021-07-11 18:06:04-07:00,10.877496153116226,79.07711148262024,2.06608,-20.0,-20.0,20.268,20.268,140,28,,
2021-07-11 18:06:05-07:00,10.877481400966644,79.07705783843994,2.07181,-20.0,-20.0,19.836,19.836,140,28,,
2021-07-11 18:06:06-07:00,10.8774733543396,79.0770149230957,2.07744,-20.0,-20.0,20.844,20.844,140,28,,
2021-07-11 18:06:07-07:00,10.877468660473824,79.07694518566132,2.08411,-20.0,-20.0,22.14,22.14,141,28,,
2021-07-11 18:06:08-07:00,10.877461954951286,79.07689154148102,2.09053,-20.0,-20.0,23.003999999999998,23.003999999999998,141,28,,
2021-07-11 18:06:09-07:00,10.877457931637764,79.07682180404663,2.09757,-20.0,-20.0,22.968,22.968,141,28,,
2021-07-11 18:06:10-07:00,10.877453237771988,79.0767627954483,2.1043600000000002,-20.0,-20.0,21.528000000000002,21.528000000000002,141,28,,
2021-07-11 18:06:11-07:00,10.877445191144943,79.076709151268,2.11074,-20.0,-20.0,21.96,21.96,142,28,,
2021-07-11 18:06:12-07:00,10.877445191144943,79.07663941383362,2.11769,-20.0,-20.0,22.824,22.824,142,28,,
2021-07-11 18:06:13-07:00,10.87744653224945,79.07658040523529,2.12466,-20.0,-20.0,22.644000000000002,22.644000000000002,142,28,,
2021-07-11 18:06:14-07:00,10.877455249428749,79.07651603221893,2.13152,-20.0,-20.0,21.492,21.492,141,28,,
2021-07-11 18:06:15-07:00,10.877457931637764,79.0764570236206,2.1376999999999997,-20.0,-20.0,20.484,20.484,141,28,,
2021-07-11 18:06:16-07:00,10.877457931637764,79.07640874385834,2.1434699999999998,-20.0,-20.0,21.276,21.276,141,28,,
2021-07-11 18:06:17-07:00,10.877459943294525,79.07633900642395,2.15061,-20.0,-20.0,23.328000000000003,23.328000000000003,141,28,,
2021-07-11 18:06:18-07:00,10.877465307712555,79.07627463340759,2.1583099999999997,-20.0,-20.0,24.048,24.048,142,28,,
2021-07-11 18:06:19-07:00,10.877470001578331,79.07621026039124,2.1655,-20.0,-20.0,24.048,24.048,142,28,,
2021-07-11 18:06:20-07:00,10.877470001578331,79.07613515853882,2.173,-20.0,-20.0,24.588,24.588,142,28,,
2021-07-11 18:06:21-07:00,10.877488106489182,79.07607614994049,2.1804,-20.0,-20.0,24.372,24.372,142,28,,
2021-07-11 18:06:22-07:00,10.877503529191017,79.07601177692413,2.18778,-20.0,-20.0,23.904,23.904,142,28,,
2021-07-11 18:06:23-07:00,10.877516269683838,79.07593667507172,2.19502,-20.0,-20.0,25.236,25.236,142,28,,
2021-07-11 18:06:24-07:00,10.877526327967644,79.07587766647339,2.20279,-20.0,-20.0,24.948,24.948,142,28,,
2021-07-11 18:06:25-07:00,10.877537727355957,79.075807929039,2.2096199999999997,-20.0,-20.0,24.228,24.228,142,28,,
2021-07-11 18:06:26-07:00,10.877551138401031,79.07574892044067,2.2171999999999996,-20.0,-20.0,25.056,25.056,143,28,,
2021-07-11 18:06:27-07:00,10.87755985558033,79.07566845417023,2.2245500000000002,-20.0,-20.0,25.02,25.02,144,28,,
2021-07-11 18:06:28-07:00,10.877568572759628,79.0756094455719,2.23187,-20.0,-20.0,24.804,24.804,143,28,,
2021-07-11 18:06:29-07:00,10.877575278282166,79.07553970813751,2.2395300000000002,-20.0,-20.0,24.876,24.876,144,28,,
2021-07-11 18:06:30-07:00,10.877586677670479,79.07546997070312,2.2470100000000004,-20.0,-20.0,24.696,24.696,144,28,,
2021-07-11 18:06:31-07:00,10.877593383193016,79.0754109621048,2.25409,-20.0,-20.0,24.336,24.336,144,28,,
2021-07-11 18:06:32-07:00,10.877600088715553,79.07534122467041,2.2611999999999997,-20.0,-20.0,24.624,24.624,145,28,,
2021-07-11 18:06:33-07:00,10.877605453133583,79.07527148723602,2.26862,-20.0,-20.0,24.912,24.912,145,28,,
2021-07-11 18:06:34-07:00,10.87761014699936,79.07520711421967,2.27656,-20.0,-20.0,25.632,25.632,145,28,,
2021-07-11 18:06:35-07:00,10.877616181969643,79.07512664794922,2.28458,-20.0,-20.0,26.388,26.388,146,28,,
2021-07-11 18:06:36-07:00,10.87762288749218,79.0750515460968,2.29283,-20.0,-20.0,25.992,25.992,146,28,,
2021-07-11 18:06:37-07:00,10.877628922462463,79.07497644424438,2.30104,-20.0,-20.0,25.812,25.812,147,28,,
2021-07-11 18:06:38-07:00,10.87764099240303,79.07490670681,2.309,-20.0,-20.0,25.236,25.236,147,28,,
2021-07-11 18:06:39-07:00,10.877650380134583,79.07483696937561,2.31621,-20.0,-20.0,25.164,25.164,148,28,,
2021-07-11 18:06:40-07:00,10.877661108970642,79.07477259635925,2.32405,-20.0,-20.0,25.704,25.704,148,28,,
2021-07-11 18:06:41-07:00,10.877668485045433,79.0747082233429,2.3313,-20.0,-20.0,25.344,25.344,148,28,,
2021-07-11 18:06:42-07:00,10.877676531672478,79.07463312149048,2.3389,-20.0,-20.0,24.696,24.696,149,28,,
2021-07-11 18:06:43-07:00,10.877684578299522,79.07457411289215,2.3457600000000003,-20.0,-20.0,24.12,24.12,149,28,,
2021-07-11 18:06:44-07:00,10.877700001001358,79.07450437545776,2.3530300000000004,-20.0,-20.0,24.984,24.984,149,28,,
2021-07-11 18:06:45-07:00,10.877715423703194,79.0744400024414,2.3603899999999998,-20.0,-20.0,24.984,24.984,149,28,,
2021-07-11 18:06:46-07:00,10.87773084640503,79.07438099384308,2.3675300000000004,-20.0,-20.0,23.436,23.436,149,28,,
2021-07-11 18:06:47-07:00,10.87773822247982,79.07432198524475,2.37415,-20.0,-20.0,23.832,23.832,149,28,,
2021-07-11 18:06:48-07:00,10.877750962972641,79.07425224781036,2.38153,-20.0,-20.0,25.2,25.2,149,28,,
2021-07-11 18:06:49-07:00,10.877760350704193,79.07418251037598,2.3888499999999997,-20.0,-20.0,24.12,24.12,148,28,,
2021-07-11 18:06:50-07:00,10.877767726778984,79.07412886619568,2.3954899999999997,-20.0,-20.0,23.436,23.436,148,28,,
2021-07-11 18:06:51-07:00,10.877778455615044,79.07406985759735,2.4021,-20.0,-20.0,24.048,24.048,148,28,86,
2021-07-11 18:06:52-07:00,10.877787843346596,79.074005484581,2.4088600000000002,-20.0,-20.0,23.94,23.94,147,28,86,
2021-07-11 18:06:53-07:00,10.87780125439167,79.07394647598267,2.41555,-20.0,-20.0,24.048,24.048,147,28,73,
2021-07-11 18:06:54-07:00,10.877809971570969,79.07388746738434,2.42244,-20.0,-20.0,24.912,24.912,147,28,73,
2021-07-11 18:06:55-07:00,10.877815335988998,79.07381772994995,2.42953,-20.0,-20.0,25.02,25.02,148,28,73,
2021-07-11 18:06:56-07:00,10.877820029854774,79.0737533569336,2.43647,-20.0,-20.0,25.02,25.02,148,28,,
2021-07-11 18:06:57-07:00,10.87782807648182,79.07368898391724,2.4437800000000003,-20.0,-20.0,25.596,25.596,148,28,,
2021-07-11 18:06:58-07:00,10.877836793661118,79.07362461090088,2.45112,-20.0,-20.0,25.776,25.776,148,28,,
2021-07-11 18:06:59-07:00,10.877843499183655,79.07355487346649,2.4586300000000003,-20.0,-20.0,25.632,25.632,148,28,,
2021-07-11 18:07:00-07:00,10.87784819304943,79.07349050045013,2.4658,-20.0,-20.0,25.452,25.452,149,28,,
2021-07-11 18:07:01-07:00,10.877858251333237,79.07342612743378,2.473,-20.0,-20.0,25.92,25.92,149,28,,
2021-07-11 18:07:02-07:00,10.87786965072155,79.07335102558136,2.48045,-20.0,-20.0,26.316,26.316,149,28,,
2021-07-11 18:07:03-07:00,10.877886414527893,79.07329201698303,2.48806,-20.0,-20.0,26.676000000000002,26.676000000000002,150,28,,
2021-07-11 18:07:04-07:00,10.877903178334236,79.07322227954865,2.49592,-20.0,-20.0,26.172,26.172,150,28,,
2021-07-11 18:07:05-07:00,10.877913907170296,79.07315254211426,2.50319,-20.0,-20.0,25.452,25.452,150,28,,
2021-07-11 18:07:06-07:00,10.877925306558609,79.07309353351593,2.5105500000000003,-20.0,-20.0,25.416,25.416,151,28,,
2021-07-11 18:07:07-07:00,10.877940729260445,79.07302379608154,2.51776,-20.0,-20.0,25.272,25.272,152,28,,
2021-07-11 18:07:08-07:00,10.877956822514534,79.07295942306519,2.52506,-20.0,-20.0,25.344,25.344,152,28,64,
2021-07-11 18:07:09-07:00,10.877972915768623,79.07289505004883,2.53237,-20.0,-20.0,25.308,25.308,152,28,80,
2021-07-11 18:07:10-07:00,10.877983644604683,79.07283067703247,2.53945,-20.0,-20.0,25.452,25.452,153,28,84,
2021-07-11 18:07:11-07:00,10.878000408411026,79.07276093959808,2.54679,-20.0,-20.0,26.28,26.28,153,28,84,
2021-07-11 18:07:12-07:00,10.878023207187653,79.07269656658173,2.55442,-20.0,-20.0,26.316,26.316,152,28,78,
2021-07-11 18:07:13-07:00,10.878045335412025,79.07263219356537,2.56183,-20.0,-20.0,26.1,26.1,152,28,86,
2021-07-11 18:07:14-07:00,10.878065451979637,79.07257318496704,2.56939,-20.0,-20.0,26.1,26.1,152,28,89,
2021-07-11 18:07:15-07:00,10.878080874681473,79.07250344753265,2.57675,-20.0,-20.0,25.92,25.92,152,28,81,
2021-07-11 18:07:16-07:00,10.87809294462204,79.07243371009827,2.5840500000000004,-20.0,-20.0,26.064,26.064,151,28,77,
2021-07-11 18:07:17-07:00,10.878110378980637,79.07236933708191,2.5914200000000003,-20.0,-20.0,26.1,26.1,151,28,86,
2021-07-11 18:07:18-07:00,10.878128483891487,79.07230496406555,2.59865,-20.0,-20.0,25.992,25.992,150,28,80,
2021-07-11 18:07:19-07:00,10.878149941563606,79.07225131988525,2.60571,-20.0,-20.0,25.344,25.344,150,28,78,
2021-07-11 18:07:20-07:00,10.878171399235725,79.07218158245087,2.61282,-20.0,-20.0,24.876,24.876,149,28,78,
2021-07-11 18:07:21-07:00,10.87819017469883,79.07212257385254,2.6200300000000003,-20.0,-20.0,24.048,24.048,149,28,78,
2021-07-11 18:07:22-07:00,10.878203585743904,79.07206892967224,2.6267300000000002,-20.0,-20.0,22.608,22.608,148,28,,
2021-07-11 18:07:23-07:00,10.878214985132217,79.07200992107391,2.6331100000000003,-20.0,-20.0,22.608,22.608,148,28,81,
2021-07-11 18:07:24-07:00,10.878230407834053,79.07194554805756,2.63983,-20.0,-20.0,23.652,23.652,148,28,81,
2021-07-11 18:07:25-07:00,10.878239795565605,79.07187581062317,2.64676,-20.0,-20.0,23.759999999999998,23.759999999999998,148,28,79,
2021-07-11 18:07:26-07:00,10.87825320661068,79.0718275308609,2.65333,-20.0,-20.0,22.644000000000002,22.644000000000002,148,28,79,
2021-07-11 18:07:27-07:00,10.878255888819695,79.0717738866806,2.65957,-20.0,-20.0,21.492,21.492,148,28,79,
2021-07-11 18:07:28-07:00,10.878259912133217,79.07170951366425,2.6653000000000002,-20.0,-20.0,20.7,20.7,147,28,,
2021-07-11 18:07:29-07:00,10.87826393544674,79.07166659832001,2.67078,-20.0,-20.0,20.952,20.952,147,28,,
2021-07-11 18:07:30-07:00,10.878270640969276,79.07161295413971,2.67664,-20.0,-20.0,21.744,21.744,147,28,,
2021-07-11 18:07:31-07:00,10.878268629312515,79.07156467437744,2.68245,-20.0,-20.0,22.608,22.608,146,28,,
2021-07-11 18:07:32-07:00,10.878268629312515,79.07150566577911,2.68864,-20.0,-20.0,23.508000000000003,23.508000000000003,146,28,,
2021-07-11 18:07:33-07:00,10.878268629312515,79.07144129276276,2.69498,-20.0,-20.0,23.544,23.544,146,28,,
2021-07-11 18:07:34-07:00,10.878266617655754,79.07138228416443,2.70136,-20.0,-20.0,23.688000000000002,23.688000000000002,146,28,,
2021-07-11 18:07:35-07:00,10.878266617655754,79.07132863998413,2.7078800000000003,-20.0,-20.0,23.759999999999998,23.759999999999998,146,28,,
2021-07-11 18:07:36-07:00,10.87827131152153,79.0712696313858,2.71435,-20.0,-20.0,23.796000000000003,23.796000000000003,145,28,,
2021-07-11 18:07:37-07:00,10.878270640969276,79.07120525836945,2.72105,-20.0,-20.0,23.508000000000003,23.508000000000003,145,28,,
2021-07-11 18:07:38-07:00,10.878268629312515,79.07114624977112,2.7274499999999997,-20.0,-20.0,22.715999999999998,22.715999999999998,145,28,,
2021-07-11 18:07:39-07:00,10.8782659471035,79.07109260559082,2.7337399999999996,-20.0,-20.0,22.248,22.248,144,28,,
2021-07-11 18:07:40-07:00,10.878275334835052,79.07103359699249,2.7400100000000003,-20.0,-20.0,22.212,22.212,144,28,,
2021-07-11 18:07:41-07:00,10.878273323178291,79.0709799528122,2.7463699999999998,-20.0,-20.0,22.715999999999998,22.715999999999998,144,28,,
2021-07-11 18:07:42-07:00,10.878273323178291,79.07091557979584,2.75292,-20.0,-20.0,23.184,23.184,145,28,,
2021-07-11 18:07:43-07:00,10.878273323178291,79.07085657119751,2.7595500000000004,-20.0,-20.0,23.112000000000002,23.112000000000002,144,28,,
2021-07-11 18:07:44-07:00,10.878273323178291,79.07079756259918,2.76607,-20.0,-20.0,23.652,23.652,144,28,,
2021-07-11 18:07:45-07:00,10.878285393118858,79.0707278251648,2.77301,-20.0,-20.0,23.616,23.616,144,28,,
2021-07-11 18:07:46-07:00,10.878280699253082,79.0706741809845,2.77975,-20.0,-20.0,23.364,23.364,144,28,,
2021-07-11 18:07:47-07:00,10.878280028700829,79.07060980796814,2.7864899999999997,-20.0,-20.0,23.436,23.436,144,28,,
2021-07-11 18:07:48-07:00,10.878276005387306,79.07055079936981,2.79278,-20.0,-20.0,22.248,22.248,144,28,,
2021-07-11 18:07:49-07:00,10.878285393118858,79.07049715518951,2.79892,-20.0,-20.0,21.672,21.672,144,28,,
2021-07-11 18:07:50-07:00,10.878295451402664,79.07044351100922,2.8051999999999997,-20.0,-20.0,22.176000000000002,22.176000000000002,144,28,,
2021-07-11 18:07:51-07:00,10.87830550968647,79.07038450241089,2.81154,-20.0,-20.0,21.996000000000002,21.996000000000002,143,28,,
2021-07-11 18:07:52-07:00,10.878313556313515,79.07033085823059,2.8174699999999997,-20.0,-20.0,22.392,22.392,143,28,,
2021-07-11 18:07:53-07:00,10.878320261836052,79.0702772140503,2.8241,-20.0,-20.0,22.68,22.68,143,28,,
2021-07-11 18:07:54-07:00,10.87832696735859,79.0702074766159,2.8304,-20.0,-20.0,22.896,22.896,143,28,,
2021-07-11 18:07:55-07:00,10.878338366746902,79.07015383243561,2.83691,-20.0,-20.0,23.832,23.832,142,28,,
2021-07-11 18:07:56-07:00,10.87835043668747,79.07009482383728,2.84376,-20.0,-20.0,23.616,23.616,142,28,,
2021-07-11 18:07:57-07:00,10.878361165523529,79.07003045082092,2.85043,-20.0,-20.0,23.759999999999998,23.759999999999998,143,28,,
2021-07-11 18:07:58-07:00,10.87836854159832,79.0699714422226,2.8573000000000004,-20.0,-20.0,24.444,24.444,143,28,102,
2021-07-11 18:07:59-07:00,10.878366529941559,79.06990170478821,2.86435,-20.0,-20.0,24.552000000000003,24.552000000000003,143,28,102,
2021-07-11 18:08:00-07:00,10.87836317718029,79.06984269618988,2.87131,-20.0,-20.0,23.652,23.652,143,28,102,
2021-07-11 18:08:01-07:00,10.878351777791977,79.06978905200958,2.87779,-20.0,-20.0,23.868,23.868,144,28,,
2021-07-11 18:08:02-07:00,10.87834507226944,79.0697193145752,2.88449,-20.0,-20.0,25.02,25.02,143,28,,
2021-07-11 18:08:03-07:00,10.878343060612679,79.06966030597687,2.8914299999999997,-20.0,-20.0,24.840000000000003,24.840000000000003,143,28,,
2021-07-11 18:08:04-07:00,10.878341048955917,79.06960666179657,2.8980799999999998,-20.0,-20.0,23.220000000000002,23.220000000000002,143,28,,
2021-07-11 18:08:05-07:00,10.878331661224365,79.06953692436218,2.9046399999999997,-20.0,-20.0,22.104,22.104,143,28,,
2021-07-11 18:08:06-07:00,10.87831825017929,79.06948328018188,2.91124,-20.0,-20.0,22.464000000000002,22.464000000000002,143,28,,
2021-07-11 18:08:07-07:00,10.878306850790977,79.06942963600159,2.91778,-20.0,-20.0,21.96,21.96,143,28,,
2021-07-11 18:08:08-07:00,10.878293439745903,79.06937062740326,2.92393,-20.0,-20.0,22.824,22.824,143,28,,
2021-07-11 18:08:09-07:00,10.878275334835052,79.0693062543869,2.93085,-20.0,-20.0,24.228,24.228,144,28,,
2021-07-11 18:08:10-07:00,10.878255888819695,79.06924724578857,2.9376700000000002,-20.0,-20.0,25.884,25.884,144,28,,
2021-07-11 18:08:11-07:00,10.878243818879128,79.06918287277222,2.94479,-20.0,-20.0,26.712,26.712,145,28,76,
2021-07-11 18:08:12-07:00,10.878225713968277,79.06912386417389,2.95142,-20.0,-20.0,25.740000000000002,25.740000000000002,146,28,80,
2021-07-11 18:08:13-07:00,10.878210291266441,79.06906485557556,2.95822,-20.0,-20.0,25.848,25.848,146,28,80,
2021-07-11 18:08:14-07:00,10.878191515803337,79.0690004825592,2.96514,-20.0,-20.0,25.452,25.452,147,28,76,
2021-07-11 18:08:15-07:00,10.878176093101501,79.0689468383789,2.9720999999999997,-20.0,-20.0,24.768,24.768,147,28,74,
2021-07-11 18:08:16-07:00,10.878160670399666,79.06888246536255,2.9790799999999997,-20.0,-20.0,24.804,24.804,148,28,77,
2021-07-11 18:08:17-07:00,10.878148600459099,79.06881809234619,2.98627,-20.0,-20.0,25.992,25.992,148,28,80,
2021-07-11 18:08:18-07:00,10.87813787162304,79.06874299049377,2.9938200000000004,-20.0,-20.0,25.164,25.164,149,28,79,
2021-07-11 18:08:19-07:00,10.87812177836895,79.06868934631348,3.0005100000000002,-20.0,-20.0,22.284000000000002,22.284000000000002,149,28,84,
2021-07-11 18:08:20-07:00,10.878106355667114,79.06863570213318,3.0071,-20.0,-20.0,22.752000000000002,22.752000000000002,150,28,84,
2021-07-11 18:08:21-07:00,10.878088250756264,79.06856596469879,3.0142800000000003,-20.0,-20.0,24.804,24.804,150,28,84,
2021-07-11 18:08:22-07:00,10.878076180815697,79.06850695610046,3.02147,-20.0,-20.0,24.948,24.948,150,28,83,
2021-07-11 18:08:23-07:00,10.87806612253189,79.0684425830841,3.02825,-20.0,-20.0,22.5,22.5,150,28,84,
2021-07-11 18:08:24-07:00,10.878051370382309,79.06839430332184,3.0338499999999997,-20.0,-20.0,21.6,21.6,151,28,84,
2021-07-11 18:08:25-07:00,10.87804064154625,79.06834065914154,3.04015,-20.0,-20.0,24.084000000000003,24.084000000000003,151,28,84,
2021-07-11 18:08:26-07:00,10.878033265471458,79.0682601928711,3.04753,-20.0,-20.0,25.308,25.308,151,28,,
2021-07-11 18:08:27-07:00,10.878026559948921,79.06820118427277,3.0548699999999998,-20.0,-20.0,24.768,24.768,151,28,,
2021-07-11 18:08:28-07:00,10.878023207187653,79.06814217567444,3.06203,-20.0,-20.0,23.976000000000003,23.976000000000003,151,28,,
2021-07-11 18:08:29-07:00,10.878027901053429,79.06807243824005,3.06909,-20.0,-20.0,23.58,23.58,151,28,,
2021-07-11 18:08:30-07:00,10.878026559948921,79.0680080652237,3.07592,-20.0,-20.0,24.372,24.372,152,28,,
2021-07-11 18:08:31-07:00,10.878026559948921,79.06794369220734,3.08337,-20.0,-20.0,24.156,24.156,152,28,,
2021-07-11 18:08:32-07:00,10.878023207187653,79.06787395477295,3.0902800000000004,-20.0,-20.0,24.768,24.768,152,28,,
2021-07-11 18:08:33-07:00,10.878025218844414,79.06780958175659,3.09815,-20.0,-20.0,26.208000000000002,26.208000000000002,152,28,,
2021-07-11 18:08:34-07:00,10.87802991271019,79.06773447990417,3.10589,-20.0,-20.0,25.776,25.776,152,28,,
2021-07-11 18:08:35-07:00,10.878035947680473,79.06766474246979,3.11329,-20.0,-20.0,25.668,25.668,152,28,,
2021-07-11 18:08:36-07:00,10.878043323755264,79.06760036945343,3.12085,-20.0,-20.0,26.424,26.424,152,28,,
2021-07-11 18:08:37-07:00,10.878052711486816,79.06753063201904,3.1288400000000003,-20.0,-20.0,27.540000000000003,27.540000000000003,152,28,,
2021-07-11 18:08:38-07:00,10.878060758113861,79.06745553016663,3.13718,-20.0,-20.0,28.08,28.08,152,28,,
2021-07-11 18:08:39-07:00,10.878063440322876,79.06737506389618,3.1454,-20.0,-20.0,27.971999999999998,27.971999999999998,152,28,,
2021-07-11 18:08:40-07:00,10.878070145845413,79.06729996204376,3.1535,-20.0,-20.0,27.324,27.324,153,28,,
2021-07-11 18:08:41-07:00,10.878078863024712,79.06723022460938,3.16121,-20.0,-20.0,28.296000000000003,28.296000000000003,153,28,,
2021-07-11 18:08:42-07:00,10.878090262413025,79.06715512275696,3.16981,-20.0,-20.0,29.088,29.088,153,28,,
2021-07-11 18:08:43-07:00,10.878101661801338,79.06706929206848,3.1783,-20.0,-20.0,28.404,28.404,154,28,,
2021-07-11 18:08:44-07:00,10.878101661801338,79.06700491905212,3.18675,-20.0,-20.0,27.324,27.324,154,28,,
2021-07-11 18:08:45-07:00,10.878108367323875,79.06692445278168,3.19439,-20.0,-20.0,26.856,26.856,154,28,,
2021-07-11 18:08:46-07:00,10.87812177836895,79.06686007976532,3.20252,-20.0,-20.0,27.540000000000003,27.540000000000003,155,28,,
2021-07-11 18:08:47-07:00,10.878133177757263,79.06679034233093,3.21028,-20.0,-20.0,27.324,27.324,155,28,118,
2021-07-11 18:08:48-07:00,10.878143906593323,79.06672060489655,3.21788,-20.0,-20.0,27.432000000000002,27.432000000000002,156,28,89,
2021-07-11 18:08:49-07:00,10.87815597653389,79.06665086746216,3.22569,-20.0,-20.0,27.36,27.36,156,28,88,
2021-07-11 18:08:50-07:00,10.878168046474457,79.06657576560974,3.23331,-20.0,-20.0,27.18,27.18,156,28,88,
2021-07-11 18:08:51-07:00,10.878181457519531,79.06651675701141,3.24112,-20.0,-20.0,27.288,27.288,156,28,87,
2021-07-11 18:08:52-07:00,10.878196209669113,79.06643629074097,3.24894,-20.0,-20.0,27.540000000000003,27.540000000000003,156,28,80,
2021-07-11 18:08:53-07:00,10.878212973475456,79.06637191772461,3.25696,-20.0,-20.0,27.648,27.648,156,28,88,
2021-07-11 18:08:54-07:00,10.87822638452053,79.06630218029022,3.26475,-20.0,-20.0,27.503999999999998,27.503999999999998,155,28,83,
2021-07-11 18:08:55-07:00,10.878235772252083,79.0662270784378,3.27243,-20.0,-20.0,27.072,27.072,155,28,88,
2021-07-11 18:08:56-07:00,10.878246501088142,79.06616270542145,3.27977,-20.0,-20.0,26.604,26.604,155,28,83,
2021-07-11 18:08:57-07:00,10.878255888819695,79.06609296798706,3.28694,-20.0,-20.0,26.964000000000002,26.964000000000002,154,28,84,
2021-07-11 18:08:58-07:00,10.878268629312515,79.06603395938873,3.29437,-20.0,-20.0,26.136,26.136,154,28,84,
2021-07-11 18:08:59-07:00,10.878280699253082,79.0659749507904,3.30137,-20.0,-20.0,25.02,25.02,153,28,80,
2021-07-11 18:09:00-07:00,10.878290757536888,79.06590521335602,3.30832,-20.0,-20.0,25.092,25.092,153,28,65,
2021-07-11 18:09:01-07:00,10.87830014526844,79.06584620475769,3.3153699999999997,-20.0,-20.0,25.452,25.452,152,28,62,
2021-07-11 18:09:02-07:00,10.878315567970276,79.0657764673233,3.3226,-20.0,-20.0,26.172,26.172,152,28,81,
2021-07-11 18:09:03-07:00,10.878331661224365,79.06571209430695,3.33016,-20.0,-20.0,26.424,26.424,151,28,76,
2021-07-11 18:09:04-07:00,10.878346413373947,79.06564772129059,3.33756,-20.0,-20.0,27.36,27.36,151,28,76,
2021-07-11 18:09:05-07:00,10.878364518284798,79.06556725502014,3.34561,-20.0,-20.0,27.720000000000002,27.720000000000002,151,28,82,
2021-07-11 18:09:06-07:00,10.878379940986633,79.06550824642181,3.3533600000000003,-20.0,-20.0,27.324,27.324,151,28,83,
2021-07-11 18:09:07-07:00,10.878393352031708,79.0654331445694,3.3613299999999997,-20.0,-20.0,26.496000000000002,26.496000000000002,151,28,83,
2021-07-11 18:09:08-07:00,10.878401398658752,79.06536340713501,3.3686,-20.0,-20.0,25.524,25.524,152,28,73,
2021-07-11 18:09:09-07:00,10.878408774733543,79.06529366970062,3.37622,-20.0,-20.0,25.848,25.848,151,28,84,
2021-07-11 18:09:10-07:00,10.878416150808334,79.06522393226624,3.3836500000000003,-20.0,-20.0,25.668,25.668,152,28,84,
2021-07-11 18:09:11-07:00,10.878422856330872,79.06516492366791,3.39102,-20.0,-20.0,25.740000000000002,25.740000000000002,152,28,79,
2021-07-11 18:09:12-07:00,10.878428891301155,79.06508982181549,3.39849,-20.0,-20.0,25.632,25.632,152,28,76,
2021-07-11 18:09:13-07:00,10.878428891301155,79.06502544879913,3.4056599999999997,-20.0,-20.0,25.236,25.236,152,28,64,
2021-07-11 18:09:14-07:00,10.878424867987633,79.06496107578278,3.4128000000000003,-20.0,-20.0,24.840000000000003,24.840000000000003,153,28,64,
2021-07-11 18:09:15-07:00,10.878416150808334,79.06489670276642,3.41967,-20.0,-20.0,24.264000000000003,24.264000000000003,153,28,64,
2021-07-11 18:09:16-07:00,10.87841346859932,79.06483769416809,3.4264200000000002,-20.0,-20.0,23.436,23.436,153,28,,
2021-07-11 18:09:17-07:00,10.87841346859932,79.06477332115173,3.43279,-20.0,-20.0,23.112000000000002,23.112000000000002,154,28,,
2021-07-11 18:09:18-07:00,10.878416150808334,79.06471967697144,3.43937,-20.0,-20.0,23.471999999999998,23.471999999999998,154,28,,
2021-07-11 18:09:19-07:00,10.87841346859932,79.06466066837311,3.4459299999999997,-20.0,-20.0,23.291999999999998,23.291999999999998,154,28,,
2021-07-11 18:09:20-07:00,10.878404751420021,79.06460165977478,3.45234,-20.0,-20.0,22.752000000000002,22.752000000000002,154,28,,
2021-07-11 18:09:21-07:00,10.878401398658752,79.06454801559448,3.45822,-20.0,-20.0,23.112000000000002,23.112000000000002,155,28,,
2021-07-11 18:09:22-07:00,10.878398045897484,79.06449437141418,3.46446,-20.0,-20.0,22.752000000000002,22.752000000000002,154,28,,
2021-07-11 18:09:23-07:00,10.878391340374947,79.06442999839783,3.4706,-20.0,-20.0,22.752000000000002,22.752000000000002,154,28,,
2021-07-11 18:09:24-07:00,10.878385975956917,79.0643709897995,3.47733,-20.0,-20.0,24.012,24.012,154,28,,
2021-07-11 18:09:25-07:00,10.878377929329872,79.0643173456192,3.48417,-20.0,-20.0,23.400000000000002,23.400000000000002,154,28,,
2021-07-11 18:09:26-07:00,10.878377929329872,79.06424760818481,3.49089,-20.0,-20.0,23.58,23.58,154,28,,
2021-07-11 18:09:27-07:00,10.878379940986633,79.06418859958649,3.4978800000000003,-20.0,-20.0,24.192,24.192,154,28,,
2021-07-11 18:09:28-07:00,10.87838128209114,79.0641188621521,3.5045100000000002,-20.0,-20.0,23.652,23.652,153,28,,
2021-07-11 18:09:29-07:00,10.87838463485241,79.0640652179718,3.5110300000000003,-20.0,-20.0,24.048,24.048,154,28,,
2021-07-11 18:09:30-07:00,10.87838463485241,79.06400620937347,3.51769,-20.0,-20.0,23.759999999999998,23.759999999999998,154,28,,
2021-07-11 18:09:31-07:00,10.878385975956917,79.06395256519318,3.5237,-20.0,-20.0,22.572,22.572,154,28,,
2021-07-11 18:09:32-07:00,10.878388658165932,79.06388819217682,3.52984,-20.0,-20.0,21.996000000000002,21.996000000000002,154,28,,
2021-07-11 18:09:33-07:00,10.878390669822693,79.06383454799652,3.53612,-20.0,-20.0,21.528000000000002,21.528000000000002,154,28,,
2021-07-11 18:09:34-07:00,10.878385975956917,79.0637755393982,3.54225,-20.0,-20.0,21.672,21.672,153,28,,
2021-07-11 18:09:35-07:00,10.878391340374947,79.0637218952179,3.5486500000000003,-20.0,-20.0,21.168,21.168,153,28,,
2021-07-11 18:09:36-07:00,10.878391340374947,79.0636682510376,3.55444,-20.0,-20.0,20.844,20.844,153,28,,
2021-07-11 18:09:37-07:00,10.878391340374947,79.0636146068573,3.56034,-20.0,-20.0,22.212,22.212,153,28,,
2021-07-11 18:09:38-07:00,10.878395363688469,79.06355559825897,3.56691,-20.0,-20.0,23.256,23.256,152,28,,
2021-07-11 18:09:39-07:00,10.878393352031708,79.06350195407867,3.57345,-20.0,-20.0,23.904,23.904,152,28,,
2021-07-11 18:09:40-07:00,10.878398045897484,79.06343221664429,3.5803000000000003,-20.0,-20.0,24.336,24.336,152,28,,
2021-07-11 18:09:41-07:00,10.878398045897484,79.06337320804596,3.58724,-20.0,-20.0,24.336,24.336,152,28,,
2021-07-11 18:09:42-07:00,10.878401398658752,79.06330347061157,3.59415,-20.0,-20.0,24.192,24.192,152,28,,
2021-07-11 18:09:43-07:00,10.878401398658752,79.06324446201324,3.60094,-20.0,-20.0,23.759999999999998,23.759999999999998,152,28,,
2021-07-11 18:09:44-07:00,10.878401398658752,79.06319081783295,3.6075500000000003,-20.0,-20.0,24.012,24.012,152,28,,
2021-07-11 18:09:45-07:00,10.878400057554245,79.06312108039856,3.6144000000000003,-20.0,-20.0,23.904,23.904,152,28,,
2021-07-11 18:09:46-07:00,10.87840273976326,79.0630567073822,3.6212,-20.0,-20.0,23.148,23.148,152,28,,
2021-07-11 18:09:47-07:00,10.878406092524529,79.06299233436584,3.62789,-20.0,-20.0,23.616,23.616,152,28,,
2021-07-11 18:09:48-07:00,10.87840273976326,79.06292796134949,3.63498,-20.0,-20.0,23.759999999999998,23.759999999999998,152,28,,
2021-07-11 18:09:49-07:00,10.878400057554245,79.06286895275116,3.64176,-20.0,-20.0,23.184,23.184,152,28,,
2021-07-11 18:09:50-07:00,10.878401398658752,79.0628045797348,3.64838,-20.0,-20.0,23.616,23.616,153,28,,
2021-07-11 18:09:51-07:00,10.878406092524529,79.06274557113647,3.6553,-20.0,-20.0,23.904,23.904,153,28,,
2021-07-11 18:09:52-07:00,10.878404751420021,79.06268656253815,3.66206,-20.0,-20.0,24.192,24.192,153,28,,
2021-07-11 18:09:53-07:00,10.87840273976326,79.06261682510376,3.66904,-20.0,-20.0,23.976000000000003,23.976000000000003,152,28,,
2021-07-11 18:09:54-07:00,10.878395363688469,79.06256318092346,3.67563,-20.0,-20.0,23.796000000000003,23.796000000000003,152,28,,
2021-07-11 18:09:55-07:00,10.878385975956917,79.06249344348907,3.68277,-20.0,-20.0,24.624,24.624,152,28,,
2021-07-11 18:09:56-07:00,10.878379940986633,79.06243443489075,3.68961,-20.0,-20.0,24.156,24.156,152,28,,
2021-07-11 18:09:57-07:00,10.878377929329872,79.06238079071045,3.69606,-20.0,-20.0,23.400000000000002,23.400000000000002,152,28,,
2021-07-11 18:09:58-07:00,10.878373235464096,79.06231641769409,3.70229,-20.0,-20.0,24.084000000000003,24.084000000000003,151,28,,
2021-07-11 18:09:59-07:00,10.878361165523529,79.06225740909576,3.70894,-20.0,-20.0,25.02,25.02,151,28,,
2021-07-11 18:10:00-07:00,10.87835043668747,79.06219840049744,3.71604,-20.0,-20.0,24.48,24.48,150,28,,
2021-07-11 18:10:01-07:00,10.878348425030708,79.06212866306305,3.72281,-20.0,-20.0,24.66,24.66,150,28,,
2021-07-11 18:10:02-07:00,10.878348425030708,79.06206965446472,3.72998,-20.0,-20.0,24.552000000000003,24.552000000000003,149,28,,
2021-07-11 18:10:03-07:00,10.878353118896484,79.06201601028442,3.73635,-20.0,-20.0,24.336,24.336,149,28,,
2021-07-11 18:10:04-07:00,10.878356471657753,79.06193554401398,3.74359,-20.0,-20.0,25.740000000000002,25.740000000000002,149,28,,
2021-07-11 18:10:05-07:00,10.878356471657753,79.06187653541565,3.751,-20.0,-20.0,25.92,25.92,149,28,,
2021-07-11 18:10:06-07:00,10.878355130553246,79.06180679798126,3.75834,-20.0,-20.0,26.352,26.352,149,28,,
2021-07-11 18:10:07-07:00,10.878358483314514,79.06173706054688,3.7658400000000003,-20.0,-20.0,26.208000000000002,26.208000000000002,149,28,,
2021-07-11 18:10:08-07:00,10.878359824419022,79.06167268753052,3.77291,-20.0,-20.0,25.236,25.236,149,28,,
2021-07-11 18:10:09-07:00,10.878356471657753,79.06160831451416,3.77971,-20.0,-20.0,24.984,24.984,148,28,,
2021-07-11 18:10:10-07:00,10.878356471657753,79.06154930591583,3.7866500000000003,-20.0,-20.0,25.596,25.596,148,28,,
2021-07-11 18:10:11-07:00,10.87836317718029,79.06147956848145,3.79373,-20.0,-20.0,25.524,25.524,149,28,,
2021-07-11 18:10:12-07:00,10.878373235464096,79.06142592430115,3.80058,-20.0,-20.0,25.272,25.272,149,28,,
2021-07-11 18:10:13-07:00,10.878388658165932,79.06136691570282,3.80779,-20.0,-20.0,25.668,25.668,149,28,,
2021-07-11 18:10:14-07:00,10.878398045897484,79.06128644943237,3.81507,-20.0,-20.0,25.956,25.956,149,28,,
2021-07-11 18:10:15-07:00,10.878420174121857,79.06122744083405,3.82245,-20.0,-20.0,26.352,26.352,148,28,,
2021-07-11 18:10:16-07:00,10.878436267375946,79.06115770339966,3.8297,-20.0,-20.0,26.28,26.28,147,28,,
2021-07-11 18:10:17-07:00,10.878451690077782,79.06109869480133,3.83719,-20.0,-20.0,26.892,26.892,147,28,,
2021-07-11 18:10:18-07:00,10.87846040725708,79.06102895736694,3.84511,-20.0,-20.0,26.82,26.82,146,28,,
2021-07-11 18:10:19-07:00,10.878467783331871,79.06095385551453,3.85262,-20.0,-20.0,25.632,25.632,146,28,,
2021-07-11 18:10:20-07:00,10.878467783331871,79.06088948249817,3.85972,-20.0,-20.0,25.02,25.02,145,28,,
2021-07-11 18:10:21-07:00,10.878465101122856,79.06082510948181,3.86701,-20.0,-20.0,24.552000000000003,24.552000000000003,145,28,,
2021-07-11 18:10:22-07:00,10.878470465540886,79.06076073646545,3.87369,-20.0,-20.0,24.228,24.228,144,28,,
2021-07-11 18:10:23-07:00,10.87847851216793,79.06070709228516,3.8805,-20.0,-20.0,22.608,22.608,144,28,,
2021-07-11 18:10:24-07:00,10.87847851216793,79.06064808368683,3.88642,-20.0,-20.0,20.52,20.52,143,28,,
2021-07-11 18:10:25-07:00,10.878471806645393,79.06059443950653,3.8922399999999997,-20.0,-20.0,20.844,20.844,142,28,,
2021-07-11 18:10:26-07:00,10.878467783331871,79.06054079532623,3.89842,-20.0,-20.0,21.096,21.096,142,28,,
2021-07-11 18:10:27-07:00,10.878473818302155,79.0604817867279,3.9048000000000003,-20.0,-20.0,20.952,20.952,142,28,,
2021-07-11 18:10:28-07:00,10.878480523824692,79.06041741371155,3.91133,-20.0,-20.0,21.096,21.096,141,28,,
2021-07-11 18:10:29-07:00,10.878487899899483,79.06036376953125,3.91758,-20.0,-20.0,20.664,20.664,141,28,,
2021-07-11 18:10:30-07:00,10.878490582108498,79.06031012535095,3.92352,-20.0,-20.0,19.8,19.8,141,28,,
2021-07-11 18:10:31-07:00,10.878485217690468,79.06025648117065,3.9289699999999996,-20.0,-20.0,19.728,19.728,140,28,,
2021-07-11 18:10:32-07:00,10.878483206033707,79.06021356582642,3.9347800000000004,-20.0,-20.0,20.340000000000003,20.340000000000003,140,28,,
2021-07-11 18:10:33-07:00,10.878485217690468,79.06015455722809,3.94063,-20.0,-20.0,20.232,20.232,140,28,,
2021-07-11 18:10:34-07:00,10.878490582108498,79.06010091304779,3.94639,-20.0,-20.0,20.196,20.196,139,28,,
2021-07-11 18:10:35-07:00,10.878493264317513,79.06005263328552,3.95219,-20.0,-20.0,20.556,20.556,139,28,,
2021-07-11 18:10:36-07:00,10.878495275974274,79.0599936246872,3.95835,-20.0,-20.0,20.304,20.304,138,28,,
2021-07-11 18:10:37-07:00,10.878503322601318,79.0599399805069,3.9640999999999997,-20.0,-20.0,20.088,20.088,138,28,,
2021-07-11 18:10:38-07:00,10.878511369228363,79.05989170074463,3.97,-20.0,-20.0,20.664,20.664,137,28,,
2021-07-11 18:10:39-07:00,10.8785180747509,79.0598326921463,3.97598,-20.0,-20.0,20.7,20.7,137,28,82,
2021-07-11 18:10:40-07:00,10.878521427512169,79.059779047966,3.98185,-20.0,-20.0,20.736,20.736,137,28,61,
2021-07-11 18:10:41-07:00,10.878524780273438,79.05973076820374,3.98765,-20.0,-20.0,21.276,21.276,137,28,61,
2021-07-11 18:10:42-07:00,10.878533497452736,79.05967175960541,3.99356,-20.0,-20.0,21.204,21.204,136,28,49,
2021-07-11 18:10:43-07:00,10.878542885184288,79.05961811542511,3.99927,-20.0,-20.0,22.068,22.068,137,28,49,
2021-07-11 18:10:44-07:00,10.878558307886124,79.05956447124481,4.00568,-20.0,-20.0,24.12,24.12,137,28,95,
2021-07-11 18:10:45-07:00,10.87857373058796,79.05950546264648,4.01278,-20.0,-20.0,25.344,25.344,138,28,77,
2021-07-11 18:10:46-07:00,10.878583118319511,79.0594357252121,4.01997,-20.0,-20.0,25.596,25.596,138,28,77,
2021-07-11 18:10:47-07:00,10.878587812185287,79.05936598777771,4.02736,-20.0,-20.0,25.416,25.416,139,28,64,
2021-07-11 18:10:48-07:00,10.878595858812332,79.05929625034332,4.03477,-20.0,-20.0,25.56,25.56,139,28,68,
2021-07-11 18:10:49-07:00,10.878605917096138,79.059237241745,4.0421,-20.0,-20.0,26.28,26.28,139,28,75,
2021-07-11 18:10:50-07:00,10.878615975379944,79.05916750431061,4.0496300000000005,-20.0,-20.0,27.396,27.396,139,28,75,
2021-07-11 18:10:51-07:00,10.878625363111496,79.05909776687622,4.05719,-20.0,-20.0,26.964000000000002,26.964000000000002,139,28,83,
2021-07-11 18:10:52-07:00,10.87863877415657,79.0590387582779,4.0638499999999995,-20.0,-20.0,25.776,25.776,140,28,83,
2021-07-11 18:10:53-07:00,10.878648161888123,79.05897974967957,4.07065,-20.0,-20.0,25.956,25.956,141,28,83,
2021-07-11 18:10:54-07:00,10.878658890724182,79.05891537666321,4.07759,-20.0,-20.0,26.064,26.064,142,28,67,
2021-07-11 18:10:55-07:00,10.87866023182869,79.05884563922882,4.08455,-20.0,-20.0,25.992,25.992,143,28,67,
2021-07-11 18:10:56-07:00,10.878661572933197,79.0587866306305,4.09176,-20.0,-20.0,25.632,25.632,143,28,56,
2021-07-11 18:10:57-07:00,10.878658890724182,79.05872762203217,4.09847,-20.0,-20.0,25.596,25.596,144,28,56,
2021-07-11 18:10:58-07:00,10.878650844097137,79.05865788459778,4.10572,-20.0,-20.0,26.028000000000002,26.028000000000002,145,28,56,
2021-07-11 18:10:59-07:00,10.878648161888123,79.05859351158142,4.1129,-20.0,-20.0,25.668,25.668,145,28,,
2021-07-11 18:11:00-07:00,10.878643468022346,79.058518409729,4.12026,-20.0,-20.0,25.56,25.56,146,28,,
2021-07-11 18:11:01-07:00,10.878643468022346,79.05845940113068,4.12767,-20.0,-20.0,25.848,25.848,147,28,,
2021-07-11 18:11:02-07:00,10.878643468022346,79.05838966369629,4.13555,-20.0,-20.0,25.884,25.884,147,28,,
2021-07-11 18:11:03-07:00,10.878646150231361,79.05831456184387,4.14344,-20.0,-20.0,25.884,25.884,148,28,,
2021-07-11 18:11:04-07:00,10.878646150231361,79.05824482440948,4.151050000000001,-20.0,-20.0,25.776,25.776,148,28,,
2021-07-11 18:11:05-07:00,10.878643468022346,79.0581750869751,4.15855,-20.0,-20.0,26.028000000000002,26.028000000000002,149,28,,
2021-07-11 18:11:06-07:00,10.878643468022346,79.05810534954071,4.1662,-20.0,-20.0,26.1,26.1,149,28,,
2021-07-11 18:11:07-07:00,10.878632739186287,79.0580302476883,4.17394,-20.0,-20.0,25.56,25.56,150,28,,
2021-07-11 18:11:08-07:00,10.878625363111496,79.05797123908997,4.18103,-20.0,-20.0,25.848,25.848,151,28,,
2021-07-11 18:11:09-07:00,10.87860994040966,79.05790686607361,4.18796,-20.0,-20.0,25.848,25.848,151,28,,
2021-07-11 18:11:10-07:00,10.878598541021347,79.05784249305725,4.19504,-20.0,-20.0,24.588,24.588,151,28,,
2021-07-11 18:11:11-07:00,10.878580436110497,79.05779421329498,4.20141,-20.0,-20.0,23.976000000000003,23.976000000000003,151,28,,
2021-07-11 18:11:12-07:00,10.878560990095139,79.05773520469666,4.20792,-20.0,-20.0,24.228,24.228,152,28,,
2021-07-11 18:11:13-07:00,10.87854489684105,79.0576708316803,4.21455,-20.0,-20.0,23.220000000000002,23.220000000000002,152,28,,
2021-07-11 18:11:14-07:00,10.878535509109497,79.0576171875,4.220470000000001,-20.0,-20.0,22.788,22.788,152,28,,
2021-07-11 18:11:15-07:00,10.878515392541885,79.05757427215576,4.2269,-20.0,-20.0,23.796000000000003,23.796000000000003,153,28,84,
2021-07-11 18:11:16-07:00,10.878491923213005,79.05750453472137,4.23364,-20.0,-20.0,24.228,24.228,153,28,78,
2021-07-11 18:11:17-07:00,10.878470465540886,79.0574562549591,4.24021,-20.0,-20.0,23.868,23.868,153,28,78,
2021-07-11 18:11:18-07:00,10.878450348973274,79.05739188194275,4.24671,-20.0,-20.0,23.616,23.616,154,28,77,
2021-07-11 18:11:19-07:00,10.878436267375946,79.05733823776245,4.25345,-20.0,-20.0,23.724,23.724,154,28,77,
2021-07-11 18:11:20-07:00,10.87843157351017,79.0572738647461,4.26029,-20.0,-20.0,23.868,23.868,155,28,77,
2021-07-11 18:11:21-07:00,10.878430902957916,79.05720949172974,4.2673000000000005,-20.0,-20.0,24.372,24.372,155,28,77,
2021-07-11 18:11:22-07:00,10.878435596823692,79.05714511871338,4.274649999999999,-20.0,-20.0,24.552000000000003,24.552000000000003,155,28,77,
2021-07-11 18:11:23-07:00,10.878440961241722,79.05708611011505,4.28173,-20.0,-20.0,24.48,24.48,155,28,,
2021-07-11 18:11:24-07:00,10.878450348973274,79.05701100826263,4.2890500000000005,-20.0,-20.0,25.02,25.02,154,28,,
2021-07-11 18:11:25-07:00,10.878451690077782,79.05694663524628,4.296279999999999,-20.0,-20.0,25.092,25.092,154,28,,
2021-07-11 18:11:26-07:00,10.878455713391304,79.05687689781189,4.30336,-20.0,-20.0,25.596,25.596,153,28,,
2021-07-11 18:11:27-07:00,10.878458395600319,79.05681252479553,4.31092,-20.0,-20.0,26.172,26.172,153,28,,
2021-07-11 18:11:28-07:00,10.87846040725708,79.05674815177917,4.31832,-20.0,-20.0,25.704,25.704,152,28,,
2021-07-11 18:11:29-07:00,10.878461077809334,79.05667304992676,4.32562,-20.0,-20.0,25.452,25.452,152,28,,
2021-07-11 18:11:30-07:00,10.878461077809334,79.05661404132843,4.33296,-20.0,-20.0,25.164,25.164,152,28,,
2021-07-11 18:11:31-07:00,10.878456383943558,79.05654430389404,4.33976,-20.0,-20.0,26.1,26.1,152,28,,
2021-07-11 18:11:32-07:00,10.878461077809334,79.05647993087769,4.347479999999999,-20.0,-20.0,27.288,27.288,152,28,,
2021-07-11 18:11:33-07:00,10.878461077809334,79.05641555786133,4.355090000000001,-20.0,-20.0,26.748,26.748,152,28,,
2021-07-11 18:11:34-07:00,10.87846577167511,79.05633509159088,4.36256,-20.0,-20.0,25.848,25.848,152,28,,
2021-07-11 18:11:35-07:00,10.878461077809334,79.05627608299255,4.3697,-20.0,-20.0,25.272,25.272,153,28,,
2021-07-11 18:11:36-07:00,10.878458395600319,79.05620634555817,4.37668,-20.0,-20.0,26.064,26.064,153,28,,
2021-07-11 18:11:37-07:00,10.878455713391304,79.05614733695984,4.38394,-20.0,-20.0,26.208000000000002,26.208000000000002,153,28,,
2021-07-11 18:11:38-07:00,10.878451690077782,79.05608296394348,4.39087,-20.0,-20.0,24.876,24.876,153,28,,
2021-07-11 18:11:39-07:00,10.878442972898483,79.05601859092712,4.39777,-20.0,-20.0,24.588,24.588,153,28,,
2021-07-11 18:11:40-07:00,10.878453701734543,79.05595421791077,4.40491,-20.0,-20.0,25.344,25.344,153,28,,
2021-07-11 18:11:41-07:00,10.878456383943558,79.05588984489441,4.41215,-20.0,-20.0,25.38,25.38,153,28,,
2021-07-11 18:11:42-07:00,10.878455713391304,79.05582547187805,4.419359999999999,-20.0,-20.0,25.272,25.272,153,28,,
2021-07-11 18:11:43-07:00,10.878456383943558,79.05575573444366,4.42667,-20.0,-20.0,25.452,25.452,152,28,,
2021-07-11 18:11:44-07:00,10.878461077809334,79.05569136142731,4.43382,-20.0,-20.0,24.768,24.768,152,28,,
2021-07-11 18:11:45-07:00,10.878463089466095,79.05563771724701,4.44058,-20.0,-20.0,24.048,24.048,151,28,,
2021-07-11 18:11:46-07:00,10.878467783331871,79.05556797981262,4.44738,-20.0,-20.0,23.652,23.652,151,28,,
2021-07-11 18:11:47-07:00,10.878471806645393,79.05550360679626,4.45389,-20.0,-20.0,23.328000000000003,23.328000000000003,151,28,,
2021-07-11 18:11:48-07:00,10.878471806645393,79.05544996261597,4.46035,-20.0,-20.0,24.048,24.048,150,28,,
2021-07-11 18:11:49-07:00,10.878471806645393,79.05538558959961,4.46743,-20.0,-20.0,25.164,25.164,151,28,,
2021-07-11 18:11:50-07:00,10.878473818302155,79.05532121658325,4.4744399999999995,-20.0,-20.0,25.812,25.812,151,28,,
2021-07-11 18:11:51-07:00,10.878483206033707,79.05524611473083,4.48201,-20.0,-20.0,25.704,25.704,151,28,,
2021-07-11 18:11:52-07:00,10.878496617078781,79.05518710613251,4.48927,-20.0,-20.0,25.632,25.632,151,28,,
2021-07-11 18:11:53-07:00,10.878506004810333,79.05512273311615,4.4967,-20.0,-20.0,26.172,26.172,151,28,,
2021-07-11 18:11:54-07:00,10.878515392541885,79.05504763126373,4.504060000000001,-20.0,-20.0,26.64,26.64,151,28,,
2021-07-11 18:11:55-07:00,10.8785180747509,79.05497789382935,4.51172,-20.0,-20.0,26.748,26.748,151,28,,
2021-07-11 18:11:56-07:00,10.87852343916893,79.05490815639496,4.51925,-20.0,-20.0,26.532,26.532,151,28,,
2021-07-11 18:11:57-07:00,10.878526121377945,79.0548437833786,4.52667,-20.0,-20.0,26.892,26.892,150,28,,
2021-07-11 18:11:58-07:00,10.878530144691467,79.05477941036224,4.53407,-20.0,-20.0,27.108,27.108,150,28,,
2021-07-11 18:11:59-07:00,10.878538191318512,79.05470430850983,4.54167,-20.0,-20.0,27.072,27.072,149,28,,
2021-07-11 18:12:00-07:00,10.878550931811333,79.0546452999115,4.5492,-20.0,-20.0,27.108,27.108,150,28,,
2021-07-11 18:12:01-07:00,10.878566354513168,79.05456483364105,4.55695,-20.0,-20.0,26.712,26.712,150,28,,
2021-07-11 18:12:02-07:00,10.878578424453735,79.05450582504272,4.5645,-20.0,-20.0,26.676000000000002,26.676000000000002,150,28,,
2021-07-11 18:12:03-07:00,10.878585129976273,79.05443608760834,4.57208,-20.0,-20.0,27.0,27.0,151,28,,
2021-07-11 18:12:04-07:00,10.878591164946556,79.05436635017395,4.57954,-20.0,-20.0,26.784000000000002,26.784000000000002,151,28,,
2021-07-11 18:12:05-07:00,10.878593847155571,79.05430197715759,4.587140000000001,-20.0,-20.0,26.64,26.64,152,28,,
2021-07-11 18:12:06-07:00,10.878600552678108,79.05422151088715,4.59447,-20.0,-20.0,26.388,26.388,153,28,,
2021-07-11 18:12:07-07:00,10.878600552678108,79.05416250228882,4.601859999999999,-20.0,-20.0,26.748,26.748,154,28,,
2021-07-11 18:12:08-07:00,10.878603234887123,79.0540874004364,4.60948,-20.0,-20.0,27.036,27.036,154,28,,
2021-07-11 18:12:09-07:00,10.878605246543884,79.05401766300201,4.61724,-20.0,-20.0,26.82,26.82,154,28,,
2021-07-11 18:12:10-07:00,10.878603234887123,79.05395865440369,4.62509,-20.0,-20.0,26.892,26.892,155,28,,
2021-07-11 18:12:11-07:00,10.878605917096138,79.05387818813324,4.63282,-20.0,-20.0,26.712,26.712,156,28,,
2021-07-11 18:12:12-07:00,10.878610610961914,79.05381381511688,4.64008,-20.0,-20.0,27.072,27.072,156,28,,
2021-07-11 18:12:13-07:00,10.87862804532051,79.0537440776825,4.64766,-20.0,-20.0,26.856,26.856,156,28,,
2021-07-11 18:12:14-07:00,10.878643468022346,79.05367970466614,4.65483,-20.0,-20.0,26.712,26.712,156,28,,
2021-07-11 18:12:15-07:00,10.878655537962914,79.05361533164978,4.6624300000000005,-20.0,-20.0,26.208000000000002,26.208000000000002,156,28,118,
2021-07-11 18:12:16-07:00,10.87866023182869,79.05355095863342,4.66946,-20.0,-20.0,25.236,25.236,156,28,97,
2021-07-11 18:12:17-07:00,10.87866023182869,79.05348658561707,4.67643,-20.0,-20.0,26.46,26.46,156,28,82,
2021-07-11 18:12:18-07:00,10.878668278455734,79.05341684818268,4.68409,-20.0,-20.0,27.612000000000002,27.612000000000002,156,28,82,
2021-07-11 18:12:19-07:00,10.878683030605316,79.05334711074829,4.69177,-20.0,-20.0,27.684,27.684,156,28,82,
2021-07-11 18:12:20-07:00,10.878698453307152,79.05328810214996,4.69938,-20.0,-20.0,27.540000000000003,27.540000000000003,155,28,71,
2021-07-11 18:12:21-07:00,10.878716558218002,79.05320763587952,4.70692,-20.0,-20.0,26.712,26.712,156,28,71,
2021-07-11 18:12:22-07:00,10.878731310367584,79.05315399169922,4.71401,-20.0,-20.0,26.244,26.244,155,28,87,
2021-07-11 18:12:23-07:00,10.878750085830688,79.05308961868286,4.7212700000000005,-20.0,-20.0,26.784000000000002,26.784000000000002,155,28,87,
2021-07-11 18:12:24-07:00,10.878766179084778,79.05301988124847,4.728800000000001,-20.0,-20.0,27.503999999999998,27.503999999999998,155,28,87,
2021-07-11 18:12:25-07:00,10.87878093123436,79.05295550823212,4.7363800000000005,-20.0,-20.0,27.576,27.576,155,28,86,
2021-07-11 18:12:26-07:00,10.878790989518166,79.0528804063797,4.744140000000001,-20.0,-20.0,26.208000000000002,26.208000000000002,156,28,86,
2021-07-11 18:12:27-07:00,10.878801718354225,79.05282139778137,4.75129,-20.0,-20.0,25.632,25.632,156,28,85,
2021-07-11 18:12:28-07:00,10.878810435533524,79.05274629592896,4.75872,-20.0,-20.0,26.244,26.244,156,28,84,
2021-07-11 18:12:29-07:00,10.87882049381733,79.0526819229126,4.76625,-20.0,-20.0,26.172,26.172,156,28,85,
2021-07-11 18:12:30-07:00,10.878837928175926,79.05261218547821,4.773770000000001,-20.0,-20.0,26.568,26.568,156,28,85,
2021-07-11 18:12:31-07:00,10.878856033086777,79.05254781246185,4.78158,-20.0,-20.0,26.892,26.892,156,28,84,
2021-07-11 18:12:32-07:00,10.87887816131115,79.0524834394455,4.78921,-20.0,-20.0,27.18,27.18,156,28,86,
2021-07-11 18:12:33-07:00,10.878892913460732,79.05240833759308,4.797,-20.0,-20.0,27.215999999999998,27.215999999999998,156,28,86,
2021-07-11 18:12:34-07:00,10.878908336162567,79.05234932899475,4.80444,-20.0,-20.0,26.604,26.604,156,28,85,
2021-07-11 18:12:35-07:00,10.878923758864403,79.0522688627243,4.812,-20.0,-20.0,26.208000000000002,26.208000000000002,156,28,85,
2021-07-11 18:12:36-07:00,10.878939852118492,79.05220985412598,4.8194,-20.0,-20.0,26.388,26.388,155,28,84,
2021-07-11 18:12:37-07:00,10.878955945372581,79.05215084552765,4.826899999999999,-20.0,-20.0,26.964000000000002,26.964000000000002,155,28,84,
2021-07-11 18:12:38-07:00,10.87897539138794,79.05208110809326,4.83416,-20.0,-20.0,26.712,26.712,155,28,84,
2021-07-11 18:12:39-07:00,10.878991484642029,79.0520167350769,4.84136,-20.0,-20.0,26.964000000000002,26.964000000000002,155,28,84,
2021-07-11 18:12:40-07:00,10.879008248448372,79.05194163322449,4.84896,-20.0,-20.0,27.252000000000002,27.252000000000002,155,28,84,
2021-07-11 18:12:41-07:00,10.879025682806969,79.05188262462616,4.8563,-20.0,-20.0,26.712,26.712,154,28,86,
2021-07-11 18:12:42-07:00,10.879041105508804,79.0518182516098,4.86376,-20.0,-20.0,26.82,26.82,155,28,86,
2021-07-11 18:12:43-07:00,10.879059880971909,79.05174314975739,4.87134,-20.0,-20.0,26.064,26.064,155,28,86,
2021-07-11 18:12:44-07:00,10.879073292016983,79.05168950557709,4.87842,-20.0,-20.0,25.884,25.884,155,28,85,
2021-07-11 18:12:45-07:00,10.879086032509804,79.05161440372467,4.88573,-20.0,-20.0,26.748,26.748,155,28,84,
2021-07-11 18:12:46-07:00,10.87909810245037,79.05155539512634,4.8932,-20.0,-20.0,26.424,26.424,156,28,84,
2021-07-11 18:12:47-07:00,10.87910883128643,79.05149102210999,4.90047,-20.0,-20.0,26.244,26.244,156,28,82,
2021-07-11 18:12:48-07:00,10.879120901226997,79.05142664909363,4.90787,-20.0,-20.0,26.208000000000002,26.208000000000002,156,28,83,
2021-07-11 18:12:49-07:00,10.879136323928833,79.05136227607727,4.915100000000001,-20.0,-20.0,25.668,25.668,156,28,83,
2021-07-11 18:12:50-07:00,10.879145711660385,79.05128717422485,4.922149999999999,-20.0,-20.0,25.632,25.632,156,28,81,
2021-07-11 18:12:51-07:00,10.879151746630669,79.05122816562653,4.92937,-20.0,-20.0,25.956,25.956,157,28,81,
2021-07-11 18:12:52-07:00,10.879156440496445,79.05116379261017,4.93649,-20.0,-20.0,26.172,26.172,157,28,80,
2021-07-11 18:12:53-07:00,10.879160463809967,79.05109405517578,4.94365,-20.0,-20.0,26.1,26.1,158,28,80,
2021-07-11 18:12:54-07:00,10.879160463809967,79.05103504657745,4.950729999999999,-20.0,-20.0,25.884,25.884,158,28,64,
2021-07-11 18:12:55-07:00,10.879165828227997,79.05096530914307,4.95792,-20.0,-20.0,26.1,26.1,158,28,64,
2021-07-11 18:12:56-07:00,10.87917186319828,79.05089557170868,4.96524,-20.0,-20.0,25.884,25.884,158,28,64,
2021-07-11 18:12:57-07:00,10.879173874855042,79.05083656311035,4.97231,-20.0,-20.0,25.344,25.344,159,28,,
2021-07-11 18:12:58-07:00,10.87917186319828,79.05076682567596,4.9792700000000005,-20.0,-20.0,25.236,25.236,159,28,,
2021-07-11 18:12:59-07:00,10.879165828227997,79.05070781707764,4.98619,-20.0,-20.0,25.308,25.308,159,28,,
2021-07-11 18:13:00-07:00,10.879160463809967,79.05063807964325,4.99337,-20.0,-20.0,25.776,25.776,159,28,,
2021-07-11 18:13:01-07:00,10.87916113436222,79.05057907104492,5.00075,-20.0,-20.0,26.208000000000002,26.208000000000002,160,28,,
2021-07-11 18:13:02-07:00,10.879160463809967,79.05051469802856,5.00807,-20.0,-20.0,26.532,26.532,160,28,,
2021-07-11 18:13:03-07:00,10.879160463809967,79.05043959617615,5.01559,-20.0,-20.0,27.036,27.036,160,28,,
2021-07-11 18:13:04-07:00,10.879163146018982,79.05036985874176,5.02295,-20.0,-20.0,26.964000000000002,26.964000000000002,160,28,,
2021-07-11 18:13:05-07:00,10.879163146018982,79.05030012130737,5.03054,-20.0,-20.0,27.0,27.0,160,28,,
2021-07-11 18:13:06-07:00,10.879158452153206,79.05023574829102,5.03812,-20.0,-20.0,27.144000000000002,27.144000000000002,160,28,,
2021-07-11 18:13:07-07:00,10.87915375828743,79.05017137527466,5.0454099999999995,-20.0,-20.0,26.712,26.712,160,28,,
2021-07-11 18:13:08-07:00,10.879147723317146,79.05010163784027,5.052560000000001,-20.0,-20.0,25.740000000000002,25.740000000000002,160,28,,
2021-07-11 18:13:09-07:00,10.879145711660385,79.05004262924194,5.059279999999999,-20.0,-20.0,25.092,25.092,160,28,,
2021-07-11 18:13:10-07:00,10.879147723317146,79.04997289180756,5.0659600000000005,-20.0,-20.0,24.372,24.372,160,28,,
2021-07-11 18:13:11-07:00,10.879150405526161,79.04991924762726,5.07237,-20.0,-20.0,23.256,23.256,160,28,,
2021-07-11 18:13:12-07:00,10.879145711660385,79.04986023902893,5.07887,-20.0,-20.0,22.572,22.572,159,28,,
2021-07-11 18:13:13-07:00,10.879151746630669,79.0498012304306,5.08515,-20.0,-20.0,21.492,21.492,158,28,,
2021-07-11 18:13:14-07:00,10.879156440496445,79.04975295066833,5.09061,-20.0,-20.0,20.844,20.844,158,28,,
2021-07-11 18:13:15-07:00,10.87915375828743,79.0497100353241,5.09635,-20.0,-20.0,20.52,20.52,157,28,,
2021-07-11 18:13:16-07:00,10.879150405526161,79.04964566230774,5.10182,-20.0,-20.0,19.872,19.872,157,28,,
2021-07-11 18:13:17-07:00,10.87915375828743,79.0496027469635,5.107069999999999,-20.0,-20.0,19.404,19.404,156,28,,
2021-07-11 18:13:18-07:00,10.879151746630669,79.04955983161926,5.11188,-20.0,-20.0,19.908,19.908,156,28,,
2021-07-11 18:13:19-07:00,10.879145041108131,79.04951691627502,5.11709,-20.0,-20.0,20.88,20.88,155,28,,
2021-07-11 18:13:20-07:00,10.879130959510803,79.04946327209473,5.12275,-20.0,-20.0,21.168,21.168,154,28,,
2021-07-11 18:13:21-07:00,10.879116207361221,79.04940962791443,5.12859,-20.0,-20.0,21.42,21.42,154,28,,
2021-07-11 18:13:22-07:00,10.879106149077415,79.04936671257019,5.13454,-20.0,-20.0,21.096,21.096,153,28,,
2021-07-11 18:13:23-07:00,10.879093408584595,79.04930233955383,5.14065,-20.0,-20.0,20.628000000000004,20.628000000000004,152,28,,
2021-07-11 18:13:24-07:00,10.879081338644028,79.04924869537354,5.1466400000000005,-20.0,-20.0,20.844,20.844,151,28,,
2021-07-11 18:13:25-07:00,10.879066586494446,79.04919505119324,5.15311,-20.0,-20.0,21.06,21.06,151,28,,
2021-07-11 18:13:26-07:00,10.879053175449371,79.04913604259491,5.159140000000001,-20.0,-20.0,21.42,21.42,151,28,,
2021-07-11 18:13:27-07:00,10.879043117165565,79.04908239841461,5.16524,-20.0,-20.0,21.744,21.744,150,28,,
2021-07-11 18:13:28-07:00,10.879041105508804,79.04903411865234,5.1711599999999995,-20.0,-20.0,20.808,20.808,150,28,,
2021-07-11 18:13:29-07:00,10.87903305888176,79.04897511005402,5.17695,-20.0,-20.0,19.836,19.836,150,28,,
2021-07-11 18:13:30-07:00,10.87903507053852,79.04892683029175,5.18237,-20.0,-20.0,20.376,20.376,149,28,,
2021-07-11 18:13:31-07:00,10.879026353359222,79.04887318611145,5.18828,-20.0,-20.0,20.304,20.304,149,28,,
2021-07-11 18:13:32-07:00,10.879020318388939,79.04882490634918,5.19346,-20.0,-20.0,19.296000000000003,19.296000000000003,149,28,,
2021-07-11 18:13:33-07:00,10.879025682806969,79.04877662658691,5.1988199999999996,-20.0,-20.0,18.828000000000003,18.828000000000003,149,28,,
2021-07-11 18:13:34-07:00,10.879031717777252,79.0487390756607,5.203729999999999,-20.0,-20.0,18.756,18.756,149,28,,
2021-07-11 18:13:35-07:00,10.879039764404297,79.04869079589844,5.2087200000000005,-20.0,-20.0,19.188000000000002,19.188000000000002,149,28,,
2021-07-11 18:13:36-07:00,10.879046469926834,79.04863715171814,5.21417,-20.0,-20.0,19.836,19.836,149,28,,
2021-07-11 18:13:37-07:00,10.879061222076416,79.0485942363739,5.21978,-20.0,-20.0,20.988,20.988,149,28,,
2021-07-11 18:13:38-07:00,10.87907999753952,79.0485405921936,5.226,-20.0,-20.0,22.392,22.392,150,28,,
2021-07-11 18:13:39-07:00,10.87909609079361,79.04847085475922,5.23284,-20.0,-20.0,22.104,22.104,150,28,,
2021-07-11 18:13:40-07:00,10.879100784659386,79.04841721057892,5.23902,-20.0,-20.0,21.636,21.636,150,28,106,
2021-07-11 18:13:41-07:00,10.879111513495445,79.04836356639862,5.24558,-20.0,-20.0,22.284000000000002,22.284000000000002,150,28,78,
2021-07-11 18:13:42-07:00,10.879113525152206,79.0483045578003,5.25216,-20.0,-20.0,22.14,22.14,151,28,78,
2021-07-11 18:13:43-07:00,10.879110842943192,79.04824018478394,5.25867,-20.0,-20.0,23.003999999999998,23.003999999999998,151,28,78,
2021-07-11 18:13:44-07:00,10.87909609079361,79.04818117618561,5.26591,-20.0,-20.0,23.508000000000003,23.508000000000003,150,28,,
2021-07-11 18:13:45-07:00,10.879086032509804,79.04811143875122,5.272609999999999,-20.0,-20.0,23.112000000000002,23.112000000000002,150,28,,
2021-07-11 18:13:46-07:00,10.879073292016983,79.04805779457092,5.27937,-20.0,-20.0,23.759999999999998,23.759999999999998,150,28,,
2021-07-11 18:13:47-07:00,10.879063233733177,79.04799342155457,5.286449999999999,-20.0,-20.0,24.3,24.3,149,28,,
2021-07-11 18:13:48-07:00,10.87905652821064,79.04792904853821,5.293399999999999,-20.0,-20.0,23.652,23.652,148,28,,
2021-07-11 18:13:49-07:00,10.879048481583595,79.04787540435791,5.29995,-20.0,-20.0,23.040000000000003,23.040000000000003,147,28,,
2021-07-11 18:13:50-07:00,10.879039764404297,79.04780566692352,5.30656,-20.0,-20.0,23.220000000000002,23.220000000000002,146,28,,
2021-07-11 18:13:51-07:00,10.879020988941193,79.04775202274323,5.313149999999999,-20.0,-20.0,21.816,21.816,146,28,,
2021-07-11 18:13:52-07:00,10.879008248448372,79.04770910739899,5.31862,-20.0,-20.0,19.08,19.08,145,28,,
2021-07-11 18:13:53-07:00,10.878998190164566,79.04765546321869,5.323770000000001,-20.0,-20.0,18.576,18.576,145,28,,
2021-07-11 18:13:54-07:00,10.878988802433014,79.04760718345642,5.32919,-20.0,-20.0,19.404,19.404,145,28,,
2021-07-11 18:13:55-07:00,10.878970697522163,79.04756426811218,5.33474,-20.0,-20.0,19.944,19.944,145,28,,
2021-07-11 18:13:56-07:00,10.878955274820328,79.04751062393188,5.34039,-20.0,-20.0,20.736,20.736,146,28,64,
2021-07-11 18:13:57-07:00,10.878933146595955,79.04746234416962,5.34598,-20.0,-20.0,20.448,20.448,146,28,67,
2021-07-11 18:13:58-07:00,10.878910347819328,79.04742479324341,5.35142,-20.0,-20.0,21.204,21.204,147,28,70,
2021-07-11 18:13:59-07:00,10.878871455788612,79.04738187789917,5.35807,-20.0,-20.0,23.220000000000002,23.220000000000002,147,28,70,
2021-07-11 18:14:00-07:00,10.878828540444374,79.04732823371887,5.36478,-20.0,-20.0,23.688000000000002,23.688000000000002,148,28,71,
2021-07-11 18:14:01-07:00,10.87878093123436,79.0472960472107,5.37122,-20.0,-20.0,21.528000000000002,21.528000000000002,149,28,73,
2021-07-11 18:14:02-07:00,10.878727957606316,79.0472799539566,5.37737,-20.0,-20.0,22.896,22.896,149,28,75,
2021-07-11 18:14:03-07:00,10.87866023182869,79.04726386070251,5.3853100000000005,-20.0,-20.0,26.028000000000002,26.028000000000002,149,28,78,
2021-07-11 18:14:04-07:00,10.878589823842049,79.04725313186646,5.3931499999999994,-20.0,-20.0,25.452,25.452,150,28,83,
2021-07-11 18:14:05-07:00,10.87852343916893,79.04723703861237,5.400600000000001,-20.0,-20.0,25.272,25.272,150,28,83,
2021-07-11 18:14:06-07:00,10.878453701734543,79.04722094535828,5.40878,-20.0,-20.0,25.632,25.632,150,28,83,
2021-07-11 18:14:07-07:00,10.87838463485241,79.04720485210419,5.41643,-20.0,-20.0,25.704,25.704,149,28,82,
2021-07-11 18:14:08-07:00,10.878320932388306,79.0471887588501,5.42392,-20.0,-20.0,24.588,24.588,148,28,82,
2021-07-11 18:14:09-07:00,10.8782659471035,79.04716730117798,5.43054,-20.0,-20.0,24.876,24.876,148,28,83,
2021-07-11 18:14:10-07:00,10.87820090353489,79.0471351146698,5.438020000000001,-20.0,-20.0,26.496000000000002,26.496000000000002,147,28,83,
2021-07-11 18:14:11-07:00,10.878135859966278,79.04711902141571,5.44566,-20.0,-20.0,26.064,26.064,147,28,84,
2021-07-11 18:14:12-07:00,10.878072828054428,79.04709219932556,5.4532,-20.0,-20.0,25.992,25.992,147,28,85,
2021-07-11 18:14:13-07:00,10.878011137247086,79.04706001281738,5.461,-20.0,-20.0,26.604,26.604,146,28,86,
2021-07-11 18:14:14-07:00,10.877948105335236,79.0470278263092,5.46893,-20.0,-20.0,27.324,27.324,145,28,88,
2021-07-11 18:14:15-07:00,10.877881050109863,79.046990275383,5.47704,-20.0,-20.0,27.396,27.396,145,28,88,
2021-07-11 18:14:16-07:00,10.877818688750267,79.04696345329285,5.484979999999999,-20.0,-20.0,27.072,27.072,144,28,89,
2021-07-11 18:14:17-07:00,10.877755656838417,79.04693126678467,5.492859999999999,-20.0,-20.0,27.072,27.072,144,28,89,
2021-07-11 18:14:18-07:00,10.87769128382206,79.04690980911255,5.5006,-20.0,-20.0,27.288,27.288,144,28,89,
2021-07-11 18:14:19-07:00,10.87762288749218,79.04686689376831,5.50908,-20.0,-20.0,27.144000000000002,27.144000000000002,144,28,89,
2021-07-11 18:14:20-07:00,10.877563878893852,79.0468293428421,5.5165,-20.0,-20.0,26.28,26.28,144,28,88,
2021-07-11 18:14:21-07:00,10.877503529191017,79.04680252075195,5.52425,-20.0,-20.0,26.568,26.568,144,28,88,
2021-07-11 18:14:22-07:00,10.877440497279167,79.04676496982574,5.53262,-20.0,-20.0,27.396,27.396,145,28,88,
2021-07-11 18:14:23-07:00,10.877380818128586,79.0467220544815,5.5407,-20.0,-20.0,27.468,27.468,145,28,87,
2021-07-11 18:14:24-07:00,10.87732046842575,79.04667913913727,5.54861,-20.0,-20.0,26.172,26.172,146,28,87,
2021-07-11 18:14:25-07:00,10.877263471484184,79.04664158821106,5.5561300000000005,-20.0,-20.0,26.568,26.568,146,28,86,
2021-07-11 18:14:26-07:00,10.87720312178135,79.04660403728485,5.564220000000001,-20.0,-20.0,26.748,26.748,146,28,87,
2021-07-11 18:14:27-07:00,10.877150148153305,79.04656648635864,5.57132,-20.0,-20.0,26.244,26.244,147,28,87,
2021-07-11 18:14:28-07:00,10.877093821763992,79.04653429985046,5.57904,-20.0,-20.0,27.18,27.18,147,28,87,
2021-07-11 18:14:29-07:00,10.877040848135948,79.04648065567017,5.58668,-20.0,-20.0,27.072,27.072,147,28,87,
2021-07-11 18:14:30-07:00,10.87699793279171,79.04642701148987,5.594390000000001,-20.0,-20.0,25.452,25.452,147,28,87,
2021-07-11 18:14:31-07:00,10.876956358551979,79.04637336730957,5.60156,-20.0,-20.0,24.804,24.804,147,28,87,
2021-07-11 18:14:32-07:00,10.876922830939293,79.04631435871124,5.60897,-20.0,-20.0,25.236,25.236,147,28,86,
2021-07-11 18:14:33-07:00,10.876898020505905,79.04626071453094,5.61616,-20.0,-20.0,27.0,27.0,147,28,86,
2021-07-11 18:14:34-07:00,10.876865833997726,79.0461802482605,5.62449,-20.0,-20.0,27.576,27.576,148,28,86,
2021-07-11 18:14:35-07:00,10.876839682459831,79.0461266040802,5.63144,-20.0,-20.0,26.244,26.244,148,28,86,
2021-07-11 18:14:36-07:00,10.876816213130951,79.04606759548187,5.639,-20.0,-20.0,26.244,26.244,148,28,86,
2021-07-11 18:14:37-07:00,10.876794755458832,79.04599249362946,5.6467600000000004,-20.0,-20.0,26.496000000000002,26.496000000000002,149,28,86,
2021-07-11 18:14:38-07:00,10.876775979995728,79.04593348503113,5.65392,-20.0,-20.0,25.668,25.668,149,28,86,
2021-07-11 18:14:39-07:00,10.876759886741638,79.04587984085083,5.660729999999999,-20.0,-20.0,25.704,25.704,150,28,86,
2021-07-11 18:14:40-07:00,10.876743793487549,79.04581010341644,5.66802,-20.0,-20.0,26.676000000000002,26.676000000000002,150,28,87,
2021-07-11 18:14:41-07:00,10.876725688576698,79.04574573040009,5.6753800000000005,-20.0,-20.0,26.928,26.928,151,28,87,
2021-07-11 18:14:42-07:00,10.876701548695564,79.04567062854767,5.68318,-20.0,-20.0,27.324,27.324,151,28,86,
2021-07-11 18:14:43-07:00,10.876672714948654,79.04561698436737,5.690600000000001,-20.0,-20.0,26.388,26.388,152,28,87,
2021-07-11 18:14:44-07:00,10.876658633351326,79.04555797576904,5.69772,-20.0,-20.0,25.128000000000004,25.128000000000004,152,28,89,
2021-07-11 18:14:45-07:00,10.876645222306252,79.04548823833466,5.70458,-20.0,-20.0,24.876,24.876,152,28,88,
2021-07-11 18:14:46-07:00,10.876626446843147,79.04542922973633,5.712140000000001,-20.0,-20.0,23.328000000000003,23.328000000000003,152,28,88,
2021-07-11 18:14:47-07:00,10.876620411872864,79.04535949230194,5.7187600000000005,-20.0,-20.0,21.888,21.888,152,28,88,
2021-07-11 18:14:48-07:00,10.876608341932297,79.04529511928558,5.72571,-20.0,-20.0,22.248,22.248,152,28,,
2021-07-11 18:14:49-07:00,10.876590237021446,79.04524683952332,5.732609999999999,-20.0,-20.0,22.392,22.392,152,28,,
2021-07-11 18:14:50-07:00,10.876570120453835,79.04517710208893,5.73982,-20.0,-20.0,22.068,22.068,151,28,,
2021-07-11 18:14:51-07:00,10.876556038856506,79.04511272907257,5.746560000000001,-20.0,-20.0,22.248,22.248,151,28,,
2021-07-11 18:14:52-07:00,10.8765459805727,79.04505908489227,5.75288,-20.0,-20.0,20.484,20.484,150,28,,
2021-07-11 18:14:53-07:00,10.87653860449791,79.04500544071198,5.758100000000001,-20.0,-20.0,19.62,19.62,150,28,,
2021-07-11 18:14:54-07:00,10.87652787566185,79.04495179653168,5.764270000000001,-20.0,-20.0,21.168,21.168,150,28,,
2021-07-11 18:14:55-07:00,10.876518487930298,79.04490351676941,5.77067,-20.0,-20.0,21.888,21.888,150,28,,
2021-07-11 18:14:56-07:00,10.876503065228462,79.04483914375305,5.77717,-20.0,-20.0,22.536,22.536,150,28,,
2021-07-11 18:14:57-07:00,10.876495689153671,79.04478549957275,5.78354,-20.0,-20.0,21.96,21.96,150,28,,
2021-07-11 18:14:58-07:00,10.87649367749691,79.04474258422852,5.78895,-20.0,-20.0,22.068,22.068,150,28,,
2021-07-11 18:14:59-07:00,10.87648630142212,79.04467821121216,5.79484,-20.0,-20.0,21.816,21.816,149,28,,
2021-07-11 18:15:00-07:00,10.876476243138313,79.04462456703186,5.80082,-20.0,-20.0,20.628000000000004,20.628000000000004,150,28,,
2021-07-11 18:15:01-07:00,10.876468196511269,79.04458165168762,5.80668,-20.0,-20.0,20.052000000000003,20.052000000000003,149,28,,
2021-07-11 18:15:02-07:00,10.876456797122955,79.04451727867126,5.81263,-20.0,-20.0,19.476000000000003,19.476000000000003,149,28,,
2021-07-11 18:15:03-07:00,10.876448079943657,79.04446363449097,5.818359999999999,-20.0,-20.0,18.720000000000002,18.720000000000002,149,28,,
2021-07-11 18:15:04-07:00,10.876440033316612,79.04442071914673,5.8236099999999995,-20.0,-20.0,19.008000000000003,19.008000000000003,149,28,,
2021-07-11 18:15:05-07:00,10.876445397734642,79.04436707496643,5.82971,-20.0,-20.0,20.844,20.844,149,28,,
2021-07-11 18:15:06-07:00,10.876456797122955,79.0443080663681,5.83658,-20.0,-20.0,22.284000000000002,22.284000000000002,149,28,,
2021-07-11 18:15:07-07:00,10.876468196511269,79.04424369335175,5.84334,-20.0,-20.0,21.96,21.96,149,28,,
2021-07-11 18:15:08-07:00,10.876473560929298,79.04418468475342,5.849810000000001,-20.0,-20.0,21.276,21.276,149,28,,
2021-07-11 18:15:09-07:00,10.876476243138313,79.04413104057312,5.8562899999999996,-20.0,-20.0,21.348,21.348,149,28,,
2021-07-11 18:15:10-07:00,10.87647557258606,79.04406666755676,5.862520000000001,-20.0,-20.0,21.276,21.276,149,28,,
2021-07-11 18:15:11-07:00,10.87648294866085,79.04400765895844,5.86866,-20.0,-20.0,21.636,21.636,149,28,,
2021-07-11 18:15:12-07:00,10.876490995287895,79.04395401477814,5.875100000000001,-20.0,-20.0,21.888,21.888,149,28,,
2021-07-11 18:15:13-07:00,10.876501053571701,79.04390037059784,5.88162,-20.0,-20.0,22.248,22.248,148,28,89,
2021-07-11 18:15:14-07:00,10.876507759094238,79.04383063316345,5.888199999999999,-20.0,-20.0,22.464000000000002,22.464000000000002,148,28,84,
2021-07-11 18:15:15-07:00,10.876518487930298,79.04377698898315,5.894699999999999,-20.0,-20.0,22.14,22.14,148,28,84,
2021-07-11 18:15:16-07:00,10.876535922288895,79.04371798038483,5.90104,-20.0,-20.0,21.924,21.924,148,28,76,
2021-07-11 18:15:17-07:00,10.876550003886223,79.04366433620453,5.90703,-20.0,-20.0,21.78,21.78,148,28,78,
2021-07-11 18:15:18-07:00,10.876566097140312,79.04362142086029,5.91334,-20.0,-20.0,21.492,21.492,148,28,71,
2021-07-11 18:15:19-07:00,10.87658554315567,79.04355704784393,5.9195,-20.0,-20.0,21.744,21.744,148,28,67,
2021-07-11 18:15:20-07:00,10.876608341932297,79.04350340366364,5.926279999999999,-20.0,-20.0,22.932000000000002,22.932000000000002,149,28,72,
2021-07-11 18:15:21-07:00,10.876641869544983,79.04344975948334,5.9336400000000005,-20.0,-20.0,22.788,22.788,149,27,72,
2021-07-11 18:15:22-07:00,10.876665338873863,79.04338002204895,5.94046,-20.0,-20.0,22.356,22.356,149,28,72,
2021-07-11 18:15:23-07:00,10.87668813765049,79.04333174228668,5.94725,-20.0,-20.0,22.644000000000002,22.644000000000002,149,27,72,
2021-07-11 18:15:24-07:00,10.876710936427116,79.04327809810638,5.9539,-20.0,-20.0,23.436,23.436,150,27,76,
2021-07-11 18:15:25-07:00,10.876743793487549,79.04321372509003,5.9609499999999995,-20.0,-20.0,23.796000000000003,23.796000000000003,149,27,73,
2021-07-11 18:15:26-07:00,10.876766592264175,79.04316008090973,5.96741,-20.0,-20.0,22.86,22.86,149,27,69,
2021-07-11 18:15:27-07:00,10.876793414354324,79.04311716556549,5.97387,-20.0,-20.0,21.78,21.78,149,27,69,
2021-07-11 18:15:28-07:00,10.876823589205742,79.04306352138519,5.9800699999999996,-20.0,-20.0,21.42,21.42,149,27,69,
2021-07-11 18:15:29-07:00,10.876853093504906,79.04301524162292,5.985939999999999,-20.0,-20.0,21.132,21.132,148,27,,
2021-07-11 18:15:30-07:00,10.876875892281532,79.04297232627869,5.9918000000000005,-20.0,-20.0,19.944,19.944,147,27,,
2021-07-11 18:15:31-07:00,10.87690070271492,79.04293477535248,5.99691,-20.0,-20.0,20.844,20.844,147,27,70,
2021-07-11 18:15:32-07:00,10.876925513148308,79.04288113117218,6.00319,-20.0,-20.0,22.572,22.572,147,27,72,
2021-07-11 18:15:33-07:00,10.876946970820427,79.04282748699188,6.00954,-20.0,-20.0,22.932000000000002,22.932000000000002,147,27,73,
2021-07-11 18:15:34-07:00,10.876973122358322,79.04277384281158,6.01618,-20.0,-20.0,22.824,22.824,147,27,74,
2021-07-11 18:15:35-07:00,10.87699793279171,79.04272019863129,6.02254,-20.0,-20.0,21.744,21.744,147,27,76,
2021-07-11 18:15:36-07:00,10.877026095986366,79.04267191886902,6.02853,-20.0,-20.0,21.204,21.204,147,27,76,
2021-07-11 18:15:37-07:00,10.877060294151306,79.04262900352478,6.03476,-20.0,-20.0,22.14,22.14,148,27,76,
2021-07-11 18:15:38-07:00,10.877090469002724,79.04258072376251,6.040970000000001,-20.0,-20.0,22.788,22.788,148,27,,
2021-07-11 18:15:39-07:00,10.877121314406395,79.04252707958221,6.047350000000001,-20.0,-20.0,23.256,23.256,148,27,,
2021-07-11 18:15:40-07:00,10.877161547541618,79.04248416423798,6.05466,-20.0,-20.0,23.076,23.076,148,27,,
2021-07-11 18:15:41-07:00,10.877196416258812,79.04243052005768,6.0617,-20.0,-20.0,22.824,22.824,149,27,98,
2021-07-11 18:15:42-07:00,10.877238661050797,79.04236614704132,6.069229999999999,-20.0,-20.0,24.192,24.192,149,27,77,
2021-07-11 18:15:43-07:00,10.877283588051796,79.04231250286102,6.07686,-20.0,-20.0,25.164,25.164,148,27,72,
2021-07-11 18:15:44-07:00,10.87731845676899,79.04225885868073,6.08439,-20.0,-20.0,25.344,25.344,148,27,78,
2021-07-11 18:15:45-07:00,10.87735265493393,79.0421998500824,6.09125,-20.0,-20.0,25.092,25.092,148,27,78,
2021-07-11 18:15:46-07:00,10.87738148868084,79.04215693473816,6.09768,-20.0,-20.0,24.408,24.408,147,27,75,
2021-07-11 18:15:47-07:00,10.877420380711555,79.04210865497589,6.10482,-20.0,-20.0,23.976000000000003,23.976000000000003,146,27,78,
2021-07-11 18:15:48-07:00,10.877453237771988,79.04204964637756,6.111680000000001,-20.0,-20.0,23.94,23.94,145,27,78,
2021-07-11 18:15:49-07:00,10.877490118145943,79.04199600219727,6.11874,-20.0,-20.0,24.264000000000003,24.264000000000003,144,27,78,
2021-07-11 18:15:50-07:00,10.877528339624405,79.041947722435,6.12592,-20.0,-20.0,25.164,25.164,142,27,78,
2021-07-11 18:15:51-07:00,10.877573266625404,79.04188871383667,6.1337,-20.0,-20.0,26.064,26.064,141,27,79,
2021-07-11 18:15:52-07:00,10.877611488103867,79.04183506965637,6.141,-20.0,-20.0,26.28,26.28,140,27,80,
2021-07-11 18:15:53-07:00,10.877653062343597,79.0417867898941,6.14816,-20.0,-20.0,25.632,25.632,139,27,80,
2021-07-11 18:15:54-07:00,10.877695307135582,79.0417331457138,6.15531,-20.0,-20.0,24.912,24.912,138,27,81,
2021-07-11 18:15:55-07:00,10.877733528614044,79.04167950153351,6.162529999999999,-20.0,-20.0,25.056,25.056,138,27,81,
2021-07-11 18:15:56-07:00,10.877771750092506,79.04163658618927,6.16964,-20.0,-20.0,25.848,25.848,138,27,80,
2021-07-11 18:15:57-07:00,10.877805948257446,79.04157221317291,6.176729999999999,-20.0,-20.0,25.452,25.452,138,27,81,
2021-07-11 18:15:58-07:00,10.877843499183655,79.04151856899261,6.183949999999999,-20.0,-20.0,24.516,24.516,138,27,82,
2021-07-11 18:15:59-07:00,10.877881050109863,79.04147028923035,6.19133,-20.0,-20.0,25.164,25.164,139,27,82,
2021-07-11 18:16:00-07:00,10.877925306558609,79.04140591621399,6.19898,-20.0,-20.0,25.344,25.344,140,27,81,
2021-07-11 18:16:01-07:00,10.877965539693832,79.04136300086975,6.20616,-20.0,-20.0,25.164,25.164,141,27,81,
2021-07-11 18:16:02-07:00,10.87800644338131,79.04131472110748,6.21321,-20.0,-20.0,25.056,25.056,141,27,80,
2021-07-11 18:16:03-07:00,10.87804801762104,79.04126107692719,6.22045,-20.0,-20.0,25.56,25.56,142,27,79,
2021-07-11 18:16:04-07:00,10.878090262413025,79.04120206832886,6.227939999999999,-20.0,-20.0,26.316,26.316,143,27,79,
2021-07-11 18:16:05-07:00,10.87812177836895,79.04114842414856,6.23525,-20.0,-20.0,25.632,25.632,143,27,79,
2021-07-11 18:16:06-07:00,10.878148600459099,79.04110014438629,6.24176,-20.0,-20.0,25.488,25.488,143,27,79,
2021-07-11 18:16:07-07:00,10.878186821937561,79.04104113578796,6.24883,-20.0,-20.0,25.02,25.02,143,27,79,
2021-07-11 18:16:08-07:00,10.878223702311516,79.0409928560257,6.2559,-20.0,-20.0,24.516,24.516,143,27,80,
2021-07-11 18:16:09-07:00,10.878259912133217,79.0409392118454,6.2627,-20.0,-20.0,24.66,24.66,142,27,82,
2021-07-11 18:16:10-07:00,10.878295451402664,79.0408855676651,6.269310000000001,-20.0,-20.0,24.48,24.48,142,27,79,
2021-07-11 18:16:11-07:00,10.878320932388306,79.04084265232086,6.275189999999999,-20.0,-20.0,24.732,24.732,142,27,79,
2021-07-11 18:16:12-07:00,10.878348425030708,79.0407943725586,6.28138,-20.0,-20.0,24.336,24.336,141,27,78,
2021-07-11 18:16:13-07:00,10.878377929329872,79.04075145721436,6.28737,-20.0,-20.0,24.048,24.048,141,27,78,
2021-07-11 18:16:14-07:00,10.878404751420021,79.04069781303406,6.29383,-20.0,-20.0,24.12,24.12,142,27,78,
2021-07-11 18:16:15-07:00,10.878433585166931,79.04064416885376,6.300649999999999,-20.0,-20.0,23.724,23.724,142,27,78,
2021-07-11 18:16:16-07:00,10.878461077809334,79.04059052467346,6.3068800000000005,-20.0,-20.0,23.94,23.94,142,27,77,
2021-07-11 18:16:17-07:00,10.878480523824692,79.04053688049316,6.3134,-20.0,-20.0,24.156,24.156,142,27,77,
2021-07-11 18:16:18-07:00,10.87850533425808,79.04048323631287,6.32024,-20.0,-20.0,23.364,23.364,141,27,77,
2021-07-11 18:16:19-07:00,10.87852343916893,79.04041349887848,6.326899999999999,-20.0,-20.0,22.788,22.788,141,27,76,
2021-07-11 18:16:20-07:00,10.878542885184288,79.04035985469818,6.33338,-20.0,-20.0,23.796000000000003,23.796000000000003,141,27,81,
2021-07-11 18:16:21-07:00,10.878566354513168,79.04030621051788,6.3404799999999994,-20.0,-20.0,24.876,24.876,141,27,76,
2021-07-11 18:16:22-07:00,10.878589823842049,79.04024183750153,6.34771,-20.0,-20.0,25.38,25.38,141,27,76,
2021-07-11 18:16:23-07:00,10.878613963723183,79.04017746448517,6.35487,-20.0,-20.0,24.912,24.912,142,27,77,
2021-07-11 18:16:24-07:00,10.878641456365585,79.04012382030487,6.36195,-20.0,-20.0,24.372,24.372,142,27,77,
2021-07-11 18:16:25-07:00,10.87867096066475,79.04006481170654,6.36898,-20.0,-20.0,25.02,25.02,142,27,73,
2021-07-11 18:16:26-07:00,10.878700464963913,79.04001116752625,6.3759,-20.0,-20.0,24.192,24.192,142,27,75,
2021-07-11 18:16:27-07:00,10.8787252753973,79.03995752334595,6.38264,-20.0,-20.0,23.724,23.724,142,27,77,
2021-07-11 18:16:28-07:00,10.878748074173927,79.03989851474762,6.38944,-20.0,-20.0,24.12,24.12,142,27,77,
2021-07-11 18:16:29-07:00,10.878766179084778,79.03984487056732,6.3958900000000005,-20.0,-20.0,23.328000000000003,23.328000000000003,143,27,77,
2021-07-11 18:16:30-07:00,10.878778919577599,79.03979122638702,6.40199,-20.0,-20.0,23.220000000000002,23.220000000000002,143,27,82,
2021-07-11 18:16:31-07:00,10.878797695040703,79.03972685337067,6.408390000000001,-20.0,-20.0,23.688000000000002,23.688000000000002,143,27,79,
2021-07-11 18:16:32-07:00,10.878823846578598,79.03967320919037,6.41516,-20.0,-20.0,23.652,23.652,143,27,77,
2021-07-11 18:16:33-07:00,10.878835916519165,79.03961956501007,6.42125,-20.0,-20.0,23.508000000000003,23.508000000000003,143,27,82,
2021-07-11 18:16:34-07:00,10.878846645355225,79.03956055641174,6.42755,-20.0,-20.0,23.364,23.364,143,27,82,
2021-07-11 18:16:35-07:00,10.878856033086777,79.03950691223145,6.43409,-20.0,-20.0,23.148,23.148,143,27,82,
2021-07-11 18:16:36-07:00,10.878870114684105,79.03945326805115,6.44049,-20.0,-20.0,23.112000000000002,23.112000000000002,142,27,,
2021-07-11 18:16:37-07:00,10.878874808549881,79.03939425945282,6.44685,-20.0,-20.0,23.724,23.724,143,27,,
2021-07-11 18:16:38-07:00,10.878879502415657,79.03932988643646,6.453600000000001,-20.0,-20.0,24.084000000000003,24.084000000000003,143,27,,
2021-07-11 18:16:39-07:00,10.87888352572918,79.03926014900208,6.46035,-20.0,-20.0,24.192,24.192,143,27,,
2021-07-11 18:16:40-07:00,10.878892913460732,79.03920114040375,6.4671400000000006,-20.0,-20.0,24.264000000000003,24.264000000000003,143,27,,
2021-07-11 18:16:41-07:00,10.878900960087776,79.03914213180542,6.47408,-20.0,-20.0,24.552000000000003,24.552000000000003,143,27,,
2021-07-11 18:16:42-07:00,10.878905653953552,79.03907239437103,6.48121,-20.0,-20.0,24.804,24.804,143,27,,
2021-07-11 18:16:43-07:00,10.878905653953552,79.0390133857727,6.48828,-20.0,-20.0,25.092,25.092,144,27,,
2021-07-11 18:16:44-07:00,10.878906324505806,79.03894364833832,6.4958,-20.0,-20.0,25.056,25.056,144,27,,
2021-07-11 18:16:45-07:00,10.878911018371582,79.03887927532196,6.50299,-20.0,-20.0,24.696,24.696,144,27,,
2021-07-11 18:16:46-07:00,10.878910347819328,79.0388149023056,6.51006,-20.0,-20.0,25.272,25.272,144,27,,
2021-07-11 18:16:47-07:00,10.878913030028343,79.03874516487122,6.5172799999999995,-20.0,-20.0,25.452,25.452,144,27,,
2021-07-11 18:16:48-07:00,10.878923758864403,79.03868079185486,6.52449,-20.0,-20.0,25.416,25.416,144,27,,
2021-07-11 18:16:49-07:00,10.878933146595955,79.03860569000244,6.53202,-20.0,-20.0,25.812,25.812,144,27,,
2021-07-11 18:16:50-07:00,10.87893582880497,79.03854668140411,6.539350000000001,-20.0,-20.0,25.992,25.992,144,27,,
2021-07-11 18:16:51-07:00,10.878933146595955,79.03848230838776,6.54667,-20.0,-20.0,24.804,24.804,145,27,,
2021-07-11 18:16:52-07:00,10.878925770521164,79.0384179353714,6.55354,-20.0,-20.0,24.696,24.696,144,27,,
2021-07-11 18:16:53-07:00,10.87891772389412,79.03835356235504,6.56102,-20.0,-20.0,24.948,24.948,144,27,,
2021-07-11 18:16:54-07:00,10.878913030028343,79.03827846050262,6.56799,-20.0,-20.0,23.904,23.904,143,27,,
2021-07-11 18:16:55-07:00,10.878916382789612,79.03822481632233,6.57459,-20.0,-20.0,23.688000000000002,23.688000000000002,143,27,,
2021-07-11 18:16:56-07:00,10.878921076655388,79.038165807724,6.58124,-20.0,-20.0,23.58,23.58,143,27,,
2021-07-11 18:16:57-07:00,10.878915041685104,79.03810143470764,6.58781,-20.0,-20.0,23.688000000000002,23.688000000000002,143,27,,
2021-07-11 18:16:58-07:00,10.878911018371582,79.03804242610931,6.59474,-20.0,-20.0,22.715999999999998,22.715999999999998,143,27,,
2021-07-11 18:16:59-07:00,10.878910347819328,79.03798878192902,6.60082,-20.0,-20.0,22.104,22.104,142,27,,
2021-07-11 18:17:00-07:00,10.878910347819328,79.03792977333069,6.60714,-20.0,-20.0,22.824,22.824,142,27,,
2021-07-11 18:17:01-07:00,10.878903642296791,79.03787612915039,6.613300000000001,-20.0,-20.0,23.112000000000002,23.112000000000002,142,27,,
2021-07-11 18:17:02-07:00,10.878886207938194,79.03782248497009,6.6195200000000005,-20.0,-20.0,23.544,23.544,142,27,,
2021-07-11 18:17:03-07:00,10.878870114684105,79.03775811195374,6.625970000000001,-20.0,-20.0,24.408,24.408,141,27,,
2021-07-11 18:17:04-07:00,10.878843292593956,79.03769910335541,6.63307,-20.0,-20.0,24.48,24.48,141,27,,
2021-07-11 18:17:05-07:00,10.878821834921837,79.03764545917511,6.64,-20.0,-20.0,23.904,23.904,141,27,,
2021-07-11 18:17:06-07:00,10.878805741667747,79.03758645057678,6.6464099999999995,-20.0,-20.0,24.3,24.3,141,27,82,
2021-07-11 18:17:07-07:00,10.87878830730915,79.03752207756042,6.65349,-20.0,-20.0,23.976000000000003,23.976000000000003,141,27,81,
2021-07-11 18:17:08-07:00,10.878772884607315,79.0374630689621,6.66004,-20.0,-20.0,24.228,24.228,141,27,81,
2021-07-11 18:17:09-07:00,10.878748074173927,79.03739869594574,6.66732,-20.0,-20.0,25.596,25.596,141,27,81,
2021-07-11 18:17:10-07:00,10.87872326374054,79.03735041618347,6.67466,-20.0,-20.0,25.632,25.632,141,27,81,
2021-07-11 18:17:11-07:00,10.87870180606842,79.03728067874908,6.68167,-20.0,-20.0,25.596,25.596,142,27,82,
2021-07-11 18:17:12-07:00,10.878685042262077,79.03721630573273,6.688470000000001,-20.0,-20.0,25.128000000000004,25.128000000000004,142,27,83,
2021-07-11 18:17:13-07:00,10.87867096066475,79.03716266155243,6.6955100000000005,-20.0,-20.0,24.444,24.444,142,27,82,
2021-07-11 18:17:14-07:00,10.878650173544884,79.03709828853607,6.70262,-20.0,-20.0,25.02,25.02,142,27,83,
2021-07-11 18:17:15-07:00,10.87862603366375,79.03703391551971,6.71005,-20.0,-20.0,24.732,24.732,142,27,84,
2021-07-11 18:17:16-07:00,10.878601223230362,79.03696417808533,6.7172,-20.0,-20.0,24.804,24.804,142,27,83,
2021-07-11 18:17:17-07:00,10.878576412796974,79.036905169487,6.724810000000001,-20.0,-20.0,24.768,24.768,142,27,84,
2021-07-11 18:17:18-07:00,10.878555625677109,79.0368515253067,6.7317,-20.0,-20.0,24.876,24.876,143,27,84,
2021-07-11 18:17:19-07:00,10.878535509109497,79.03678178787231,6.7394099999999995,-20.0,-20.0,25.416,25.416,143,27,84,
2021-07-11 18:17:20-07:00,10.87852343916893,79.03671205043793,6.746659999999999,-20.0,-20.0,25.812,25.812,144,27,85,
2021-07-11 18:17:21-07:00,10.878501310944557,79.0366530418396,6.754,-20.0,-20.0,26.424,26.424,144,27,83,
2021-07-11 18:17:22-07:00,10.878480523824692,79.03658330440521,6.7616499999999995,-20.0,-20.0,26.136,26.136,144,27,81,
2021-07-11 18:17:23-07:00,10.878461077809334,79.03651356697083,6.76963,-20.0,-20.0,26.568,26.568,144,27,83,
2021-07-11 18:17:24-07:00,10.878451690077782,79.03643846511841,6.777729999999999,-20.0,-20.0,25.92,25.92,145,27,85,
2021-07-11 18:17:25-07:00,10.878433585166931,79.03637945652008,6.78533,-20.0,-20.0,24.624,24.624,145,27,83,
2021-07-11 18:17:26-07:00,10.878420174121857,79.03630435466766,6.79273,-20.0,-20.0,25.128000000000004,25.128000000000004,145,27,83,
2021-07-11 18:17:27-07:00,10.878408774733543,79.0362399816513,6.80039,-20.0,-20.0,25.704,25.704,145,27,83,
2021-07-11 18:17:28-07:00,10.878406092524529,79.03617024421692,6.80774,-20.0,-20.0,25.452,25.452,145,27,,
2021-07-11 18:17:29-07:00,10.87841346859932,79.03611123561859,6.81471,-20.0,-20.0,25.596,25.596,145,27,,
2021-07-11 18:17:30-07:00,10.878410786390305,79.0360414981842,6.82204,-20.0,-20.0,25.596,25.596,145,27,,
2021-07-11 18:17:31-07:00,10.878408774733543,79.03597712516785,6.8294,-20.0,-20.0,25.092,25.092,145,27,,
2021-07-11 18:17:32-07:00,10.878404751420021,79.03590738773346,6.83666,-20.0,-20.0,25.164,25.164,145,27,,
2021-07-11 18:17:33-07:00,10.878395363688469,79.0358430147171,6.84378,-20.0,-20.0,25.452,25.452,145,27,,
2021-07-11 18:17:34-07:00,10.878395363688469,79.03577864170074,6.85063,-20.0,-20.0,25.02,25.02,146,27,,
2021-07-11 18:17:35-07:00,10.878396034240723,79.03571426868439,6.85757,-20.0,-20.0,24.876,24.876,146,27,,
2021-07-11 18:17:36-07:00,10.878395363688469,79.03564453125,6.86476,-20.0,-20.0,25.848,25.848,146,27,,
2021-07-11 18:17:37-07:00,10.878395363688469,79.03558552265167,6.87217,-20.0,-20.0,26.064,26.064,146,27,,
2021-07-11 18:17:38-07:00,10.878390669822693,79.03552651405334,6.87942,-20.0,-20.0,25.344,25.344,146,27,,
2021-07-11 18:17:39-07:00,10.87838128209114,79.0354460477829,6.88677,-20.0,-20.0,25.092,25.092,146,27,,
2021-07-11 18:17:40-07:00,10.87838128209114,79.03538703918457,6.894,-20.0,-20.0,25.164,25.164,146,27,,
2021-07-11 18:17:41-07:00,10.878373235464096,79.03531730175018,6.90113,-20.0,-20.0,25.2,25.2,146,27,,
2021-07-11 18:17:42-07:00,10.87836854159832,79.03525829315186,6.90837,-20.0,-20.0,25.524,25.524,146,27,,
2021-07-11 18:17:43-07:00,10.878366529941559,79.03518855571747,6.91589,-20.0,-20.0,26.856,26.856,146,27,,
2021-07-11 18:17:44-07:00,10.878359824419022,79.03511345386505,6.92387,-20.0,-20.0,26.496000000000002,26.496000000000002,146,27,,
2021-07-11 18:17:45-07:00,10.878355130553246,79.0350490808487,6.93085,-20.0,-20.0,24.588,24.588,146,27,,
2021-07-11 18:17:46-07:00,10.878346413373947,79.03499007225037,6.9375,-20.0,-20.0,23.471999999999998,23.471999999999998,146,27,,
2021-07-11 18:17:47-07:00,10.87833970785141,79.03493106365204,6.9438,-20.0,-20.0,22.464000000000002,22.464000000000002,145,27,,
2021-07-11 18:17:48-07:00,10.878335013985634,79.03488278388977,6.94972,-20.0,-20.0,21.672,21.672,145,27,,
2021-07-11 18:17:49-07:00,10.878331661224365,79.03482377529144,6.9553,-20.0,-20.0,20.664,20.664,145,27,,
2021-07-11 18:17:50-07:00,10.87831825017929,79.03477549552917,6.9611,-20.0,-20.0,19.908,19.908,144,27,,
2021-07-11 18:17:51-07:00,10.878310203552246,79.03473258018494,6.96655,-20.0,-20.0,19.08,19.08,143,27,,
2021-07-11 18:17:52-07:00,10.878300815820694,79.03468430042267,6.9718,-20.0,-20.0,17.064,17.064,143,27,,
2021-07-11 18:17:53-07:00,10.87830550968647,79.03464138507843,6.97626,-20.0,-20.0,16.740000000000002,16.740000000000002,142,27,,
2021-07-11 18:17:54-07:00,10.878302827477455,79.03459310531616,6.98122,-20.0,-20.0,17.784000000000002,17.784000000000002,142,27,,
2021-07-11 18:17:55-07:00,10.878302827477455,79.03455018997192,6.98633,-20.0,-20.0,18.18,18.18,142,27,,
2021-07-11 18:17:56-07:00,10.878298133611679,79.03449654579163,6.99142,-20.0,-20.0,18.612000000000002,18.612000000000002,141,27,,
2021-07-11 18:17:57-07:00,10.878291428089142,79.03444826602936,6.99709,-20.0,-20.0,19.188000000000002,19.188000000000002,141,27,,
2021-07-11 18:17:58-07:00,10.878286734223366,79.03440535068512,7.002560000000001,-20.0,-20.0,20.16,20.16,141,27,,
2021-07-11 18:17:59-07:00,10.878286734223366,79.03435170650482,7.00833,-20.0,-20.0,20.916,20.916,140,27,,
2021-07-11 18:18:00-07:00,10.878282710909843,79.03428733348846,7.0142,-20.0,-20.0,21.312,21.312,140,27,,
2021-07-11 18:18:01-07:00,10.878282710909843,79.03424441814423,7.02005,-20.0,-20.0,21.816,21.816,139,27,,
2021-07-11 18:18:02-07:00,10.878276005387306,79.03419077396393,7.026020000000001,-20.0,-20.0,21.996000000000002,21.996000000000002,139,27,,
2021-07-11 18:18:03-07:00,10.878273323178291,79.03412640094757,7.03212,-20.0,-20.0,22.428,22.428,139,27,,
2021-07-11 18:18:04-07:00,10.878278017044067,79.03407275676727,7.03836,-20.0,-20.0,22.86,22.86,139,27,,
2021-07-11 18:18:05-07:00,10.878286734223366,79.03400838375092,7.04498,-20.0,-20.0,22.896,22.896,139,27,,
2021-07-11 18:18:06-07:00,10.878288745880127,79.03395473957062,7.051609999999999,-20.0,-20.0,23.184,23.184,139,27,,
2021-07-11 18:18:07-07:00,10.878293439745903,79.03389036655426,7.05827,-20.0,-20.0,23.328000000000003,23.328000000000003,139,27,,
2021-07-11 18:18:08-07:00,10.878296121954918,79.03382062911987,7.06491,-20.0,-20.0,23.400000000000002,23.400000000000002,139,27,,
2021-07-11 18:18:09-07:00,10.878296121954918,79.03376698493958,7.07181,-20.0,-20.0,23.616,23.616,139,27,,
2021-07-11 18:18:10-07:00,10.878298133611679,79.03370797634125,7.0787700000000005,-20.0,-20.0,23.652,23.652,139,27,,
2021-07-11 18:18:11-07:00,10.87830014526844,79.03363823890686,7.085640000000001,-20.0,-20.0,24.444,24.444,139,27,,
2021-07-11 18:18:12-07:00,10.878306850790977,79.03357923030853,7.09275,-20.0,-20.0,25.056,25.056,139,27,,
2021-07-11 18:18:13-07:00,10.878313556313515,79.03350949287415,7.09941,-20.0,-20.0,25.092,25.092,140,27,,
2021-07-11 18:18:14-07:00,10.878320932388306,79.03345048427582,7.10624,-20.0,-20.0,25.956,25.956,140,27,,
2021-07-11 18:18:15-07:00,10.878333672881126,79.03339684009552,7.11326,-20.0,-20.0,25.884,25.884,140,27,,
2021-07-11 18:18:16-07:00,10.878328308463097,79.03332710266113,7.12015,-20.0,-20.0,25.38,25.38,140,27,110,
2021-07-11 18:18:17-07:00,10.878325626254082,79.0332680940628,7.12721,-20.0,-20.0,25.524,25.524,139,27,110,
2021-07-11 18:18:18-07:00,10.878325626254082,79.03320372104645,7.1340900000000005,-20.0,-20.0,26.028000000000002,26.028000000000002,139,27,110,
2021-07-11 18:18:19-07:00,10.878328308463097,79.03313398361206,7.1411999999999995,-20.0,-20.0,25.668,25.668,139,27,,
2021-07-11 18:18:20-07:00,10.878330320119858,79.03307497501373,7.14818,-20.0,-20.0,25.272,25.272,139,27,,
2021-07-11 18:18:21-07:00,10.878341048955917,79.03299987316132,7.15545,-20.0,-20.0,25.632,25.632,138,27,,
2021-07-11 18:18:22-07:00,10.878355130553246,79.03294622898102,7.16254,-20.0,-20.0,25.992,25.992,138,27,,
2021-07-11 18:18:23-07:00,10.87836854159832,79.03287649154663,7.17007,-20.0,-20.0,26.46,26.46,138,27,114,
2021-07-11 18:18:24-07:00,10.878373235464096,79.03280138969421,7.17761,-20.0,-20.0,26.892,26.892,139,27,84,
2021-07-11 18:18:25-07:00,10.878379940986633,79.03273701667786,7.185359999999999,-20.0,-20.0,27.036,27.036,139,27,67,
2021-07-11 18:18:26-07:00,10.87838128209114,79.03266191482544,7.19304,-20.0,-20.0,26.784000000000002,26.784000000000002,140,27,67,
2021-07-11 18:18:27-07:00,10.878379940986633,79.03259217739105,7.20066,-20.0,-20.0,26.748,26.748,141,27,67,
2021-07-11 18:18:28-07:00,10.87838128209114,79.03253316879272,7.20793,-20.0,-20.0,26.28,26.28,141,27,,
2021-07-11 18:18:29-07:00,10.87838128209114,79.03246343135834,7.21507,-20.0,-20.0,26.064,26.064,142,27,,
2021-07-11 18:18:30-07:00,10.878379940986633,79.03239369392395,7.22254,-20.0,-20.0,26.244,26.244,143,27,78,
2021-07-11 18:18:31-07:00,10.878373235464096,79.03232932090759,7.22995,-20.0,-20.0,25.92,25.92,144,27,79,
2021-07-11 18:18:32-07:00,10.878358483314514,79.03226494789124,7.23719,-20.0,-20.0,25.452,25.452,144,27,80,
2021-07-11 18:18:33-07:00,10.878343060612679,79.03220593929291,7.24433,-20.0,-20.0,25.56,25.56,145,27,80,
2021-07-11 18:18:34-07:00,10.878328308463097,79.03213083744049,7.25179,-20.0,-20.0,25.596,25.596,145,27,80,
2021-07-11 18:18:35-07:00,10.878308862447739,79.03206646442413,7.25911,-20.0,-20.0,25.2,25.2,145,27,80,
2021-07-11 18:18:36-07:00,10.878295451402664,79.0320074558258,7.2659899999999995,-20.0,-20.0,24.3,24.3,146,27,80,
2021-07-11 18:18:37-07:00,10.878290757536888,79.03195381164551,7.27231,-20.0,-20.0,23.832,23.832,146,27,80,
2021-07-11 18:18:38-07:00,10.878285393118858,79.03189480304718,7.27918,-20.0,-20.0,23.94,23.94,146,27,80,
2021-07-11 18:18:39-07:00,10.878276005387306,79.0318250656128,7.28568,-20.0,-20.0,23.688000000000002,23.688000000000002,146,27,77,
2021-07-11 18:18:40-07:00,10.878275334835052,79.0317714214325,7.29225,-20.0,-20.0,23.652,23.652,147,27,77,
2021-07-11 18:18:41-07:00,10.878273323178291,79.0317177772522,7.298640000000001,-20.0,-20.0,23.544,23.544,147,27,77,
2021-07-11 18:18:42-07:00,10.87827131152153,79.03164803981781,7.30507,-20.0,-20.0,23.220000000000002,23.220000000000002,147,27,,
2021-07-11 18:18:43-07:00,10.878266617655754,79.03158903121948,7.31182,-20.0,-20.0,23.112000000000002,23.112000000000002,147,27,,
2021-07-11 18:18:44-07:00,10.87826058268547,79.03152465820312,7.3184499999999995,-20.0,-20.0,23.724,23.724,146,27,,
2021-07-11 18:18:45-07:00,10.878259912133217,79.0314656496048,7.32508,-20.0,-20.0,24.084000000000003,24.084000000000003,147,27,,
2021-07-11 18:18:46-07:00,10.8782659471035,79.0314120054245,7.3316300000000005,-20.0,-20.0,24.192,24.192,147,27,,
2021-07-11 18:18:47-07:00,10.87826058268547,79.03134226799011,7.33879,-20.0,-20.0,24.732,24.732,147,27,,
2021-07-11 18:18:48-07:00,10.878259912133217,79.03128325939178,7.34566,-20.0,-20.0,25.092,25.092,147,27,,
2021-07-11 18:18:49-07:00,10.8782659471035,79.03120815753937,7.35288,-20.0,-20.0,25.272,25.272,148,27,,
2021-07-11 18:18:50-07:00,10.8782659471035,79.03114378452301,7.36005,-20.0,-20.0,25.524,25.524,148,27,,
2021-07-11 18:18:51-07:00,10.878257900476456,79.03108477592468,7.36704,-20.0,-20.0,24.516,24.516,148,27,,
2021-07-11 18:18:52-07:00,10.878246501088142,79.03102040290833,7.37342,-20.0,-20.0,23.291999999999998,23.291999999999998,148,27,,
2021-07-11 18:18:53-07:00,10.878230407834053,79.03097212314606,7.3796,-20.0,-20.0,22.752000000000002,22.752000000000002,148,27,,
2021-07-11 18:18:54-07:00,10.878212973475456,79.03092384338379,7.38534,-20.0,-20.0,21.672,21.672,147,27,,
2021-07-11 18:18:55-07:00,10.87820090353489,79.03087019920349,7.39071,-20.0,-20.0,21.024,21.024,146,27,,
2021-07-11 18:18:56-07:00,10.878185480833054,79.03082728385925,7.39681,-20.0,-20.0,20.556,20.556,146,27,,
2021-07-11 18:18:57-07:00,10.878171399235725,79.03077363967896,7.40254,-20.0,-20.0,20.268,20.268,145,27,,
2021-07-11 18:18:58-07:00,10.87816670536995,79.03072535991669,7.40835,-20.0,-20.0,19.98,19.98,145,27,,
2021-07-11 18:18:59-07:00,10.878157988190651,79.03067171573639,7.41384,-20.0,-20.0,19.188000000000002,19.188000000000002,144,27,,
2021-07-11 18:19:00-07:00,10.878153294324875,79.03061807155609,7.41921,-20.0,-20.0,18.936,18.936,144,27,,
2021-07-11 18:19:01-07:00,10.87813787162304,79.03057515621185,7.4248400000000006,-20.0,-20.0,19.728,19.728,143,27,,
2021-07-11 18:19:02-07:00,10.878128483891487,79.03052151203156,7.43051,-20.0,-20.0,20.52,20.52,143,27,,
2021-07-11 18:19:03-07:00,10.878113061189651,79.03047323226929,7.43595,-20.0,-20.0,20.736,20.736,144,27,69,
2021-07-11 18:19:04-07:00,10.878106355667114,79.03041958808899,7.44179,-20.0,-20.0,21.456,21.456,144,27,68,
2021-07-11 18:19:05-07:00,10.878090932965279,79.03036594390869,7.447760000000001,-20.0,-20.0,21.852,21.852,144,27,69,
2021-07-11 18:19:06-07:00,10.878076180815697,79.0303122997284,7.45367,-20.0,-20.0,21.816,21.816,144,27,71,
2021-07-11 18:19:07-07:00,10.878068134188652,79.0302586555481,7.4596,-20.0,-20.0,21.924,21.924,143,27,72,
2021-07-11 18:19:08-07:00,10.878052711486816,79.03019964694977,7.465949999999999,-20.0,-20.0,22.824,22.824,143,27,72,
2021-07-11 18:19:09-07:00,10.878035947680473,79.03014600276947,7.47306,-20.0,-20.0,23.256,23.256,142,27,72,
2021-07-11 18:19:10-07:00,10.878026559948921,79.03008699417114,7.47984,-20.0,-20.0,23.003999999999998,23.003999999999998,142,27,,
2021-07-11 18:19:11-07:00,10.878011137247086,79.03001725673676,7.4869200000000005,-20.0,-20.0,23.471999999999998,23.471999999999998,141,27,,
2021-07-11 18:19:12-07:00,10.877993032336235,79.0299528837204,7.494,-20.0,-20.0,23.616,23.616,141,27,,
2021-07-11 18:19:13-07:00,10.877981632947922,79.0298992395401,7.5005500000000005,-20.0,-20.0,23.759999999999998,23.759999999999998,141,27,,
2021-07-11 18:19:14-07:00,10.877970904111862,79.02983486652374,7.50758,-20.0,-20.0,23.724,23.724,140,27,,
2021-07-11 18:19:15-07:00,10.877958834171295,79.02978122234344,7.514279999999999,-20.0,-20.0,23.508000000000003,23.508000000000003,141,27,,
2021-07-11 18:19:16-07:00,10.877955481410027,79.02971148490906,7.52053,-20.0,-20.0,23.471999999999998,23.471999999999998,141,27,,
2021-07-11 18:19:17-07:00,10.87795078754425,79.02965784072876,7.52683,-20.0,-20.0,23.759999999999998,23.759999999999998,141,27,,
2021-07-11 18:19:18-07:00,10.877946093678474,79.02960419654846,7.53332,-20.0,-20.0,24.552000000000003,24.552000000000003,142,27,,
2021-07-11 18:19:19-07:00,10.877938717603683,79.02953445911407,7.54029,-20.0,-20.0,24.336,24.336,142,27,,
2021-07-11 18:19:20-07:00,10.877925977110863,79.02947545051575,7.54691,-20.0,-20.0,23.688000000000002,23.688000000000002,142,27,,
2021-07-11 18:19:21-07:00,10.87791658937931,79.02942180633545,7.55356,-20.0,-20.0,22.968,22.968,143,27,,
2021-07-11 18:19:22-07:00,10.877900496125221,79.02935743331909,7.55996,-20.0,-20.0,22.896,22.896,143,27,,
2021-07-11 18:19:23-07:00,10.877878367900848,79.0293037891388,7.56649,-20.0,-20.0,23.291999999999998,23.291999999999998,144,27,,
2021-07-11 18:19:24-07:00,10.877856239676476,79.02925550937653,7.57299,-20.0,-20.0,23.076,23.076,144,27,,
2021-07-11 18:19:25-07:00,10.877836793661118,79.02919113636017,7.57943,-20.0,-20.0,23.148,23.148,145,27,,
2021-07-11 18:19:26-07:00,10.87782472372055,79.02913749217987,7.58596,-20.0,-20.0,23.148,23.148,145,27,,
2021-07-11 18:19:27-07:00,10.877809971570969,79.02907848358154,7.592560000000001,-20.0,-20.0,23.759999999999998,23.759999999999998,145,27,,
2021-07-11 18:19:28-07:00,10.87780125439167,79.02901411056519,7.59947,-20.0,-20.0,24.624,24.624,145,27,,
2021-07-11 18:19:29-07:00,10.877803266048431,79.02895510196686,7.60637,-20.0,-20.0,25.164,25.164,146,27,,
2021-07-11 18:19:30-07:00,10.87781198322773,79.02888000011444,7.61381,-20.0,-20.0,25.668,25.668,146,27,,
2021-07-11 18:19:31-07:00,10.877818688750267,79.02881562709808,7.62137,-20.0,-20.0,26.136,26.136,146,27,,
2021-07-11 18:19:32-07:00,10.877821370959282,79.02875125408173,7.62879,-20.0,-20.0,25.56,25.56,147,27,,
2021-07-11 18:19:33-07:00,10.87781198322773,79.02868688106537,7.63565,-20.0,-20.0,24.804,24.804,147,27,,
2021-07-11 18:19:34-07:00,10.877809971570969,79.02861714363098,7.64286,-20.0,-20.0,24.912,24.912,147,27,,
2021-07-11 18:19:35-07:00,10.877796560525894,79.02855277061462,7.6500200000000005,-20.0,-20.0,25.2,25.2,147,27,,
2021-07-11 18:19:36-07:00,10.877796560525894,79.02848839759827,7.65719,-20.0,-20.0,25.56,25.56,147,27,,
2021-07-11 18:19:37-07:00,10.877791866660118,79.02842938899994,7.664479999999999,-20.0,-20.0,26.532,26.532,148,27,,
2021-07-11 18:19:38-07:00,10.877795219421387,79.02835428714752,7.672359999999999,-20.0,-20.0,27.468,27.468,148,27,,
2021-07-11 18:19:39-07:00,10.87779052555561,79.02828454971313,7.68034,-20.0,-20.0,27.288,27.288,148,27,,
2021-07-11 18:19:40-07:00,10.877776443958282,79.02820944786072,7.68823,-20.0,-20.0,27.432000000000002,27.432000000000002,148,27,,
2021-07-11 18:19:41-07:00,10.87776504456997,79.02813971042633,7.69628,-20.0,-20.0,27.756,27.756,149,27,,
2021-07-11 18:19:42-07:00,10.877753645181656,79.02806460857391,7.7042,-20.0,-20.0,27.396,27.396,149,27,,
2021-07-11 18:19:43-07:00,10.877745598554611,79.02799487113953,7.7120500000000005,-20.0,-20.0,27.252000000000002,27.252000000000002,149,27,,
2021-07-11 18:19:44-07:00,10.877740234136581,79.02792513370514,7.71998,-20.0,-20.0,26.172,26.172,149,27,,
2021-07-11 18:19:45-07:00,10.877728834748268,79.02785539627075,7.72714,-20.0,-20.0,25.272,25.272,149,27,,
2021-07-11 18:19:46-07:00,10.877720788121223,79.02779638767242,7.73424,-20.0,-20.0,26.82,26.82,149,27,,
2021-07-11 18:19:47-07:00,10.877711400389671,79.02771055698395,7.74227,-20.0,-20.0,27.432000000000002,27.432000000000002,149,27,,
2021-07-11 18:19:48-07:00,10.877702683210373,79.02765154838562,7.74975,-20.0,-20.0,26.928,26.928,150,27,,
2021-07-11 18:19:49-07:00,10.877684578299522,79.02758181095123,7.7572,-20.0,-20.0,26.388,26.388,150,27,,
2021-07-11 18:19:50-07:00,10.877668485045433,79.0275228023529,7.76447,-20.0,-20.0,25.812,25.812,151,27,,
2021-07-11 18:19:51-07:00,10.877650380134583,79.02745842933655,7.77166,-20.0,-20.0,25.596,25.596,152,27,,
2021-07-11 18:19:52-07:00,10.877626910805702,79.02739405632019,7.7786800000000005,-20.0,-20.0,25.308,25.308,152,27,,
2021-07-11 18:19:53-07:00,10.877615511417389,79.02734041213989,7.78509,-20.0,-20.0,25.92,25.92,153,27,,
2021-07-11 18:19:54-07:00,10.87760679423809,79.02727603912354,7.79261,-20.0,-20.0,25.128000000000004,25.128000000000004,154,27,,
2021-07-11 18:19:55-07:00,10.877598077058792,79.02720630168915,7.79936,-20.0,-20.0,24.192,24.192,154,27,,
2021-07-11 18:19:56-07:00,10.877593383193016,79.02714729309082,7.80628,-20.0,-20.0,25.02,25.02,155,27,,
2021-07-11 18:19:57-07:00,10.877579972147942,79.02707755565643,7.813350000000001,-20.0,-20.0,26.208000000000002,26.208000000000002,156,27,,
2021-07-11 18:19:58-07:00,10.877563878893852,79.02700781822205,7.821479999999999,-20.0,-20.0,25.992,25.992,156,27,,
2021-07-11 18:19:59-07:00,10.877545773983002,79.02694880962372,7.82874,-20.0,-20.0,25.524,25.524,156,27,,
2021-07-11 18:20:00-07:00,10.877523645758629,79.02688980102539,7.83584,-20.0,-20.0,26.424,26.424,156,27,,
2021-07-11 18:20:01-07:00,10.877508223056793,79.026820063591,7.84321,-20.0,-20.0,26.856,26.856,156,27,,
2021-07-11 18:20:02-07:00,10.877494812011719,79.02675032615662,7.85046,-20.0,-20.0,26.712,26.712,157,27,,
2021-07-11 18:20:03-07:00,10.877478048205376,79.02669131755829,7.85808,-20.0,-20.0,26.1,26.1,156,27,,
2021-07-11 18:20:04-07:00,10.877465307712555,79.02662694454193,7.86493,-20.0,-20.0,26.748,26.748,156,27,,
2021-07-11 18:20:05-07:00,10.877441838383675,79.02655184268951,7.873,-20.0,-20.0,27.576,27.576,156,27,,
2021-07-11 18:20:06-07:00,10.877420380711555,79.02648210525513,7.88136,-20.0,-20.0,27.18,27.18,156,27,89,
2021-07-11 18:20:07-07:00,10.877403616905212,79.02640700340271,7.88953,-20.0,-20.0,26.64,26.64,156,27,91,
2021-07-11 18:20:08-07:00,10.877385511994362,79.02633726596832,7.8979099999999995,-20.0,-20.0,25.956,25.956,156,27,91,
2021-07-11 18:20:09-07:00,10.877371430397034,79.0262621641159,7.90546,-20.0,-20.0,25.596,25.596,156,27,91,
2021-07-11 18:20:10-07:00,10.877358689904213,79.02620315551758,7.9128,-20.0,-20.0,24.552000000000003,24.552000000000003,156,27,,
2021-07-11 18:20:11-07:00,10.877343267202377,79.02614951133728,7.91961,-20.0,-20.0,23.003999999999998,23.003999999999998,156,27,,
2021-07-11 18:20:12-07:00,10.877329856157303,79.02608513832092,7.92581,-20.0,-20.0,22.284000000000002,22.284000000000002,156,27,,
2021-07-11 18:20:13-07:00,10.877328515052795,79.02603149414062,7.9320699999999995,-20.0,-20.0,21.42,21.42,156,27,,
2021-07-11 18:20:14-07:00,10.87732046842575,79.02597784996033,7.93797,-20.0,-20.0,21.492,21.492,155,27,,
2021-07-11 18:20:15-07:00,10.877306386828423,79.025918841362,7.94427,-20.0,-20.0,22.14,22.14,155,27,,
2021-07-11 18:20:16-07:00,10.877288281917572,79.0258651971817,7.95066,-20.0,-20.0,22.536,22.536,155,27,,
2021-07-11 18:20:17-07:00,10.877272859215736,79.0258115530014,7.9569600000000005,-20.0,-20.0,22.824,22.824,154,27,,
2021-07-11 18:20:18-07:00,10.877263471484184,79.02575254440308,7.96314,-20.0,-20.0,22.392,22.392,154,27,,
2021-07-11 18:20:19-07:00,10.877243354916573,79.02569890022278,7.96935,-20.0,-20.0,22.788,22.788,154,27,,
2021-07-11 18:20:20-07:00,10.8772212266922,79.02565062046051,7.9756,-20.0,-20.0,23.040000000000003,23.040000000000003,154,27,,
2021-07-11 18:20:21-07:00,10.877196416258812,79.02559697628021,7.98172,-20.0,-20.0,22.608,22.608,154,27,72,
2021-07-11 18:20:22-07:00,10.8771762996912,79.02554333209991,7.98787,-20.0,-20.0,22.284000000000002,22.284000000000002,153,27,75,
2021-07-11 18:20:23-07:00,10.877168253064156,79.02548968791962,7.99365,-20.0,-20.0,21.06,21.06,153,27,75,
2021-07-11 18:20:24-07:00,10.877153500914574,79.02543604373932,7.99952,-20.0,-20.0,20.124,20.124,153,27,75,
2021-07-11 18:20:25-07:00,10.877138078212738,79.02538239955902,8.00578,-20.0,-20.0,20.916,20.916,152,27,75,
2021-07-11 18:20:26-07:00,10.877125337719917,79.02533411979675,8.01253,-20.0,-20.0,22.608,22.608,152,27,,
2021-07-11 18:20:27-07:00,10.877126008272171,79.02526438236237,8.01956,-20.0,-20.0,23.58,23.58,151,27,,
2021-07-11 18:20:28-07:00,10.877126008272171,79.02519464492798,8.02675,-20.0,-20.0,22.932000000000002,22.932000000000002,151,27,,
2021-07-11 18:20:29-07:00,10.877125337719917,79.02514100074768,8.03298,-20.0,-20.0,22.392,22.392,150,27,,
2021-07-11 18:20:30-07:00,10.87711863219738,79.02508199214935,8.03938,-20.0,-20.0,22.752000000000002,22.752000000000002,149,27,,
2021-07-11 18:20:31-07:00,10.877113938331604,79.02502834796906,8.04599,-20.0,-20.0,22.896,22.896,149,27,,
2021-07-11 18:20:32-07:00,10.87710589170456,79.0249639749527,8.05242,-20.0,-20.0,22.644000000000002,22.644000000000002,148,27,,
2021-07-11 18:20:33-07:00,10.877096503973007,79.02490496635437,8.05888,-20.0,-20.0,21.816,21.816,148,27,,
2021-07-11 18:20:34-07:00,10.877093821763992,79.02485132217407,8.06462,-20.0,-20.0,20.628000000000004,20.628000000000004,148,27,,
2021-07-11 18:20:35-07:00,10.877091810107231,79.0248030424118,8.06987,-20.0,-20.0,20.664,20.664,148,27,,
2021-07-11 18:20:36-07:00,10.877087786793709,79.0247493982315,8.07573,-20.0,-20.0,21.276,21.276,148,27,,
2021-07-11 18:20:37-07:00,10.877083092927933,79.02469038963318,8.08208,-20.0,-20.0,22.248,22.248,148,27,,
2021-07-11 18:20:38-07:00,10.877085775136948,79.02463138103485,8.088899999999999,-20.0,-20.0,22.715999999999998,22.715999999999998,148,27,,
2021-07-11 18:20:39-07:00,10.877090469002724,79.0245670080185,8.09564,-20.0,-20.0,22.608,22.608,148,27,,
2021-07-11 18:20:40-07:00,10.877093821763992,79.02450799942017,8.10244,-20.0,-20.0,23.471999999999998,23.471999999999998,147,27,,
2021-07-11 18:20:41-07:00,10.877091810107231,79.02443826198578,8.10965,-20.0,-20.0,24.264000000000003,24.264000000000003,147,27,,
2021-07-11 18:20:42-07:00,10.877087786793709,79.02436852455139,8.11694,-20.0,-20.0,24.048,24.048,147,27,,
2021-07-11 18:20:43-07:00,10.877087786793709,79.02430951595306,8.12388,-20.0,-20.0,23.868,23.868,147,27,,
2021-07-11 18:20:44-07:00,10.877085104584694,79.02423977851868,8.13097,-20.0,-20.0,23.688000000000002,23.688000000000002,147,27,,
2021-07-11 18:20:45-07:00,10.877083092927933,79.02418613433838,8.137640000000001,-20.0,-20.0,23.508000000000003,23.508000000000003,147,27,,
2021-07-11 18:20:46-07:00,10.877076387405396,79.02411639690399,8.14463,-20.0,-20.0,23.58,23.58,146,27,,
2021-07-11 18:20:47-07:00,10.877076387405396,79.02405738830566,8.15119,-20.0,-20.0,23.436,23.436,146,27,,
2021-07-11 18:20:48-07:00,10.877080410718918,79.02400374412537,8.15786,-20.0,-20.0,23.544,23.544,145,27,,
2021-07-11 18:20:49-07:00,10.877085775136948,79.02393400669098,8.16446,-20.0,-20.0,23.291999999999998,23.291999999999998,145,27,,
2021-07-11 18:20:50-07:00,10.8770951628685,79.02388036251068,8.17046,-20.0,-20.0,22.536,22.536,145,27,,
2021-07-11 18:20:51-07:00,10.877096503973007,79.02383744716644,8.175939999999999,-20.0,-20.0,22.32,22.32,145,27,,
2021-07-11 18:20:52-07:00,10.877101197838783,79.02377307415009,8.18187,-20.0,-20.0,22.32,22.32,145,27,,
2021-07-11 18:20:53-07:00,10.877115279436111,79.02373015880585,8.18767,-20.0,-20.0,22.032,22.032,145,27,,
2021-07-11 18:20:54-07:00,10.877115279436111,79.02367651462555,8.193610000000001,-20.0,-20.0,22.212,22.212,145,27,,
2021-07-11 18:20:55-07:00,10.877115279436111,79.02361750602722,8.19989,-20.0,-20.0,22.572,22.572,145,27,,
2021-07-11 18:20:56-07:00,10.877113938331604,79.02355313301086,8.20647,-20.0,-20.0,22.86,22.86,145,27,,
2021-07-11 18:20:57-07:00,10.877111926674843,79.02349948883057,8.212959999999999,-20.0,-20.0,23.076,23.076,146,27,,
2021-07-11 18:20:58-07:00,10.877111926674843,79.02342975139618,8.21997,-20.0,-20.0,23.400000000000002,23.400000000000002,146,27,,
2021-07-11 18:20:59-07:00,10.877119973301888,79.02337074279785,8.226799999999999,-20.0,-20.0,23.724,23.724,147,27,,
2021-07-11 18:21:00-07:00,10.877130031585693,79.02331709861755,8.23343,-20.0,-20.0,24.084000000000003,24.084000000000003,148,27,,
2021-07-11 18:21:01-07:00,10.877146124839783,79.02324736118317,8.240590000000001,-20.0,-20.0,23.94,23.94,148,27,,
2021-07-11 18:21:02-07:00,10.877168253064156,79.02318835258484,8.24747,-20.0,-20.0,23.759999999999998,23.759999999999998,149,27,,
2021-07-11 18:21:03-07:00,10.87717093527317,79.02312397956848,8.25379,-20.0,-20.0,23.220000000000002,23.220000000000002,150,27,,
2021-07-11 18:21:04-07:00,10.877166241407394,79.02308106422424,8.25958,-20.0,-20.0,22.752000000000002,22.752000000000002,150,27,,
2021-07-11 18:21:05-07:00,10.877162888646126,79.02302742004395,8.26588,-20.0,-20.0,23.471999999999998,23.471999999999998,150,27,,
2021-07-11 18:21:06-07:00,10.87717093527317,79.02295768260956,8.272459999999999,-20.0,-20.0,22.608,22.608,150,27,,
2021-07-11 18:21:07-07:00,10.877175629138947,79.02290403842926,8.27848,-20.0,-20.0,21.636,21.636,149,27,,
2021-07-11 18:21:08-07:00,10.877169594168663,79.02285039424896,8.28494,-20.0,-20.0,22.14,22.14,149,27,,
2021-07-11 18:21:09-07:00,10.87717093527317,79.02278065681458,8.29124,-20.0,-20.0,22.86,22.86,150,27,,
2021-07-11 18:21:10-07:00,10.87717093527317,79.02273237705231,8.29763,-20.0,-20.0,23.832,23.832,150,27,,
2021-07-11 18:21:11-07:00,10.877162888646126,79.02267873287201,8.30437,-20.0,-20.0,24.3,24.3,150,27,,
2021-07-11 18:21:12-07:00,10.877168253064156,79.02260899543762,8.31083,-20.0,-20.0,23.58,23.58,150,27,,
2021-07-11 18:21:13-07:00,10.877169594168663,79.02255535125732,8.31717,-20.0,-20.0,22.608,22.608,150,27,,
2021-07-11 18:21:14-07:00,10.877169594168663,79.02250170707703,8.32331,-20.0,-20.0,21.888,21.888,150,27,,
2021-07-11 18:21:15-07:00,10.877169594168663,79.02243733406067,8.32924,-20.0,-20.0,21.744,21.744,150,27,,
2021-07-11 18:21:16-07:00,10.877175629138947,79.0223890542984,8.33523,-20.0,-20.0,22.284000000000002,22.284000000000002,150,27,,
2021-07-11 18:21:17-07:00,10.877185016870499,79.0223354101181,8.341790000000001,-20.0,-20.0,21.888,21.888,150,27,,
2021-07-11 18:21:18-07:00,10.877193734049797,79.02227103710175,8.34791,-20.0,-20.0,21.708000000000002,21.708000000000002,150,27,,
2021-07-11 18:21:19-07:00,10.87720513343811,79.02221739292145,8.35455,-20.0,-20.0,23.003999999999998,23.003999999999998,150,27,98,
2021-07-11 18:21:20-07:00,10.877209827303886,79.02215838432312,8.36153,-20.0,-20.0,23.58,23.58,150,27,91,
2021-07-11 18:21:21-07:00,10.8772212266922,79.02208864688873,8.3684,-20.0,-20.0,23.832,23.832,150,27,91,
2021-07-11 18:21:22-07:00,10.877216532826424,79.0220296382904,8.3751,-20.0,-20.0,23.508000000000003,23.508000000000003,150,27,91,
2021-07-11 18:21:23-07:00,10.8772212266922,79.02196526527405,8.38125,-20.0,-20.0,22.032,22.032,149,27,76,
2021-07-11 18:21:24-07:00,10.8772212266922,79.02192234992981,8.38704,-20.0,-20.0,22.068,22.068,149,27,88,
2021-07-11 18:21:25-07:00,10.877235978841782,79.02185797691345,8.393709999999999,-20.0,-20.0,22.572,22.572,149,27,82,
2021-07-11 18:21:26-07:00,10.877248048782349,79.02179896831512,8.40018,-20.0,-20.0,22.896,22.896,149,27,84,
2021-07-11 18:21:27-07:00,10.87726816534996,79.0217399597168,8.407200000000001,-20.0,-20.0,24.12,24.12,148,27,80,
2021-07-11 18:21:28-07:00,10.877290964126587,79.02167558670044,8.41465,-20.0,-20.0,24.66,24.66,148,27,73,
2021-07-11 18:21:29-07:00,10.877308398485184,79.02161657810211,8.421610000000001,-20.0,-20.0,24.336,24.336,148,27,74,
2021-07-11 18:21:30-07:00,10.877321809530258,79.02155756950378,8.428090000000001,-20.0,-20.0,24.156,24.156,148,27,76,
2021-07-11 18:21:31-07:00,10.877335891127586,79.02150392532349,8.435,-20.0,-20.0,24.516,24.516,148,27,71,
2021-07-11 18:21:32-07:00,10.87735265493393,79.0214341878891,8.44225,-20.0,-20.0,24.228,24.228,148,27,77,
2021-07-11 18:21:33-07:00,10.877370089292526,79.02136981487274,8.44915,-20.0,-20.0,23.868,23.868,149,27,75,
2021-07-11 18:21:34-07:00,10.877386182546616,79.02131080627441,8.45605,-20.0,-20.0,24.66,24.66,149,27,72,
2021-07-11 18:21:35-07:00,10.877400934696198,79.02125179767609,8.463239999999999,-20.0,-20.0,24.624,24.624,149,27,76,
2021-07-11 18:21:36-07:00,10.877413004636765,79.02118742465973,8.47039,-20.0,-20.0,25.128000000000004,25.128000000000004,150,27,76,
2021-07-11 18:21:37-07:00,10.87741769850254,79.02111232280731,8.47796,-20.0,-20.0,25.92,25.92,150,27,79,
2021-07-11 18:21:38-07:00,10.87741769850254,79.02105331420898,8.48512,-20.0,-20.0,26.136,26.136,151,27,79,
2021-07-11 18:21:39-07:00,10.87741568684578,79.02097284793854,8.492799999999999,-20.0,-20.0,26.604,26.604,151,27,80,
2021-07-11 18:21:40-07:00,10.87741032242775,79.02091383934021,8.50001,-20.0,-20.0,26.532,26.532,151,27,80,
2021-07-11 18:21:41-07:00,10.877406299114227,79.02084410190582,8.50725,-20.0,-20.0,26.892,26.892,152,27,80,
2021-07-11 18:21:42-07:00,10.877408310770988,79.02077436447144,8.51464,-20.0,-20.0,26.532,26.532,152,27,,
2021-07-11 18:21:43-07:00,10.877403616905212,79.02071535587311,8.52182,-20.0,-20.0,26.388,26.388,152,27,,
2021-07-11 18:21:44-07:00,10.877390205860138,79.02064025402069,8.529549999999999,-20.0,-20.0,26.892,26.892,152,27,,
2021-07-11 18:21:45-07:00,10.877378806471825,79.0205705165863,8.53729,-20.0,-20.0,26.532,26.532,153,27,,
2021-07-11 18:21:46-07:00,10.87736539542675,79.02051150798798,8.54505,-20.0,-20.0,26.64,26.64,153,27,,
2021-07-11 18:21:47-07:00,10.877347961068153,79.02043104171753,8.55315,-20.0,-20.0,26.64,26.64,153,27,,
2021-07-11 18:21:48-07:00,10.877341255545616,79.02036666870117,8.5606,-20.0,-20.0,26.676000000000002,26.676000000000002,153,27,,
2021-07-11 18:21:49-07:00,10.877335891127586,79.02029693126678,8.56774,-20.0,-20.0,27.18,27.18,153,27,,
2021-07-11 18:21:50-07:00,10.877329856157303,79.02023255825043,8.57493,-20.0,-20.0,26.856,26.856,153,27,,
2021-07-11 18:21:51-07:00,10.877315104007721,79.02016818523407,8.581850000000001,-20.0,-20.0,27.324,27.324,153,27,,
2021-07-11 18:21:52-07:00,10.877306386828423,79.02010381221771,8.58926,-20.0,-20.0,27.684,27.684,153,27,,
2021-07-11 18:21:53-07:00,10.877303704619408,79.02003407478333,8.59666,-20.0,-20.0,27.288,27.288,153,27,,
2021-07-11 18:21:54-07:00,10.877290964126587,79.01996970176697,8.60422,-20.0,-20.0,26.604,26.604,153,27,,
2021-07-11 18:21:55-07:00,10.877283588051796,79.01990532875061,8.61124,-20.0,-20.0,25.848,25.848,153,27,,
2021-07-11 18:21:56-07:00,10.8772661536932,79.0198302268982,8.618829999999999,-20.0,-20.0,25.92,25.92,152,27,,
2021-07-11 18:21:57-07:00,10.87725006043911,79.01977121829987,8.62633,-20.0,-20.0,25.488,25.488,152,27,,
2021-07-11 18:21:58-07:00,10.877227932214737,79.01970684528351,8.63376,-20.0,-20.0,25.236,25.236,152,27,,
2021-07-11 18:21:59-07:00,10.877205803990364,79.01964247226715,8.64124,-20.0,-20.0,24.048,24.048,152,27,,
2021-07-11 18:22:00-07:00,10.877193734049797,79.01958882808685,8.6476,-20.0,-20.0,22.824,22.824,152,27,,
2021-07-11 18:22:01-07:00,10.877180323004723,79.01953518390656,8.65401,-20.0,-20.0,24.192,24.192,152,27,,
2021-07-11 18:22:02-07:00,10.877166241407394,79.01945471763611,8.66146,-20.0,-20.0,26.748,26.748,152,27,,
2021-07-11 18:22:03-07:00,10.877153500914574,79.01939034461975,8.66955,-20.0,-20.0,27.108,27.108,152,27,,
2021-07-11 18:22:04-07:00,10.877141430974007,79.0193098783493,8.677209999999999,-20.0,-20.0,26.136,26.136,152,27,,
2021-07-11 18:22:05-07:00,10.877123326063156,79.01925086975098,8.6852,-20.0,-20.0,26.676000000000002,26.676000000000002,152,27,,
2021-07-11 18:22:06-07:00,10.877115279436111,79.01917576789856,8.69324,-20.0,-20.0,26.136,26.136,152,27,,
2021-07-11 18:22:07-07:00,10.877115279436111,79.01910603046417,8.70076,-20.0,-20.0,25.02,25.02,152,27,,
2021-07-11 18:22:08-07:00,10.877105221152306,79.01903629302979,8.708450000000001,-20.0,-20.0,25.56,25.56,153,27,,
2021-07-11 18:22:09-07:00,10.877103209495544,79.01896119117737,8.71632,-20.0,-20.0,26.28,26.28,153,27,,
2021-07-11 18:22:10-07:00,10.87710052728653,79.01890218257904,8.7239,-20.0,-20.0,25.92,25.92,153,27,,
2021-07-11 18:22:11-07:00,10.8770951628685,79.01883244514465,8.731069999999999,-20.0,-20.0,26.136,26.136,153,27,,
2021-07-11 18:22:12-07:00,10.877085775136948,79.01876270771027,8.7385,-20.0,-20.0,26.46,26.46,153,27,,
2021-07-11 18:22:13-07:00,10.877076387405396,79.01870369911194,8.74556,-20.0,-20.0,25.236,25.236,153,27,,
2021-07-11 18:22:14-07:00,10.877076387405396,79.01863396167755,8.75248,-20.0,-20.0,24.804,24.804,153,27,,
2021-07-11 18:22:15-07:00,10.87707169353962,79.0185695886612,8.75926,-20.0,-20.0,25.02,25.02,153,27,,
2021-07-11 18:22:16-07:00,10.877058282494545,79.01850521564484,8.76682,-20.0,-20.0,25.596,25.596,154,27,,
2021-07-11 18:22:17-07:00,10.877040177583694,79.01843547821045,8.77518,-20.0,-20.0,26.712,26.712,154,27,,
2021-07-11 18:22:18-07:00,10.877028778195381,79.01834964752197,8.78323,-20.0,-20.0,26.784000000000002,26.784000000000002,154,27,,
2021-07-11 18:22:19-07:00,10.877013355493546,79.01827991008759,8.79135,-20.0,-20.0,26.784000000000002,26.784000000000002,154,27,,
2021-07-11 18:22:20-07:00,10.876999944448471,79.01821553707123,8.799719999999999,-20.0,-20.0,28.008000000000003,28.008000000000003,154,27,,
2021-07-11 18:22:21-07:00,10.876999944448471,79.01812970638275,8.80762,-20.0,-20.0,28.44,28.44,155,27,,
2021-07-11 18:22:22-07:00,10.87699793279171,79.01805460453033,8.816120000000002,-20.0,-20.0,28.332,28.332,155,27,,
2021-07-11 18:22:23-07:00,10.876991227269173,79.01796877384186,8.82475,-20.0,-20.0,27.684,27.684,156,27,,
2021-07-11 18:22:24-07:00,10.876990556716919,79.01789903640747,8.83297,-20.0,-20.0,27.324,27.324,156,27,,
2021-07-11 18:22:25-07:00,10.876990556716919,79.01782393455505,8.84118,-20.0,-20.0,28.008000000000003,28.008000000000003,156,27,,
2021-07-11 18:22:26-07:00,10.876985862851143,79.01774883270264,8.84933,-20.0,-20.0,27.720000000000002,27.720000000000002,157,27,,
2021-07-11 18:22:27-07:00,10.876985862851143,79.01767373085022,8.85705,-20.0,-20.0,27.684,27.684,157,27,,
2021-07-11 18:22:28-07:00,10.876978486776352,79.01760399341583,8.86525,-20.0,-20.0,27.684,27.684,157,27,,
2021-07-11 18:22:29-07:00,10.876966416835785,79.01752889156342,8.87322,-20.0,-20.0,26.964000000000002,26.964000000000002,158,27,,
2021-07-11 18:22:30-07:00,10.876951664686203,79.01745915412903,8.880889999999999,-20.0,-20.0,27.324,27.324,158,27,,
2021-07-11 18:22:31-07:00,10.876942947506905,79.01739478111267,8.88863,-20.0,-20.0,28.44,28.44,158,27,,
2021-07-11 18:22:32-07:00,10.876935571432114,79.01731967926025,8.89646,-20.0,-20.0,28.008000000000003,28.008000000000003,158,27,,
2021-07-11 18:22:33-07:00,10.876920819282532,79.01724994182587,8.90392,-20.0,-20.0,26.352,26.352,159,27,,
2021-07-11 18:22:34-07:00,10.87691344320774,79.01718556880951,8.911190000000001,-20.0,-20.0,26.136,26.136,159,27,,
2021-07-11 18:22:35-07:00,10.876902714371681,79.01711583137512,8.91895,-20.0,-20.0,27.324,27.324,159,27,,
2021-07-11 18:22:36-07:00,10.876896008849144,79.01705145835876,8.926540000000001,-20.0,-20.0,27.791999999999998,27.791999999999998,159,27,,
2021-07-11 18:22:37-07:00,10.876890644431114,79.01697635650635,8.933959999999999,-20.0,-20.0,27.684,27.684,159,27,,
2021-07-11 18:22:38-07:00,10.876873210072517,79.01691734790802,8.94185,-20.0,-20.0,27.720000000000002,27.720000000000002,159,27,,
2021-07-11 18:22:39-07:00,10.876856446266174,79.0168422460556,8.94975,-20.0,-20.0,28.476000000000003,28.476000000000003,159,27,,
2021-07-11 18:22:40-07:00,10.876841023564339,79.01677250862122,8.95795,-20.0,-20.0,29.088,29.088,158,27,,
2021-07-11 18:22:41-07:00,10.876831635832787,79.01668667793274,8.966299999999999,-20.0,-20.0,28.907999999999998,28.907999999999998,159,27,,
2021-07-11 18:22:42-07:00,10.876823589205742,79.01661694049835,8.97466,-20.0,-20.0,29.268000000000004,29.268000000000004,158,27,,
2021-07-11 18:22:43-07:00,10.876816213130951,79.0165364742279,8.98307,-20.0,-20.0,29.376,29.376,158,27,,
2021-07-11 18:22:44-07:00,10.876810178160667,79.01646673679352,8.99093,-20.0,-20.0,29.195999999999998,29.195999999999998,158,27,,
2021-07-11 18:22:45-07:00,10.876806825399399,79.01639699935913,8.999030000000001,-20.0,-20.0,29.016000000000002,29.016000000000002,158,27,,
2021-07-11 18:22:46-07:00,10.87680347263813,79.01632189750671,9.0069,-20.0,-20.0,29.016000000000002,29.016000000000002,159,27,,
2021-07-11 18:22:47-07:00,10.87679609656334,79.0162467956543,9.01508,-20.0,-20.0,29.268000000000004,29.268000000000004,159,27,,
2021-07-11 18:22:48-07:00,10.876783356070518,79.01616632938385,9.023309999999999,-20.0,-20.0,29.7,29.7,159,27,,
2021-07-11 18:22:49-07:00,10.876770615577698,79.01609122753143,9.03206,-20.0,-20.0,28.8,28.8,159,27,,
2021-07-11 18:22:50-07:00,10.876755863428116,79.01601612567902,9.04019,-20.0,-20.0,27.791999999999998,27.791999999999998,159,27,,
2021-07-11 18:22:51-07:00,10.87675116956234,79.01594638824463,9.048309999999999,-20.0,-20.0,28.296000000000003,28.296000000000003,159,27,,
2021-07-11 18:22:52-07:00,10.876741781830788,79.01587128639221,9.056209999999998,-20.0,-20.0,28.692,28.692,159,27,,
2021-07-11 18:22:53-07:00,10.876743793487549,79.0157961845398,9.064729999999999,-20.0,-20.0,28.944,28.944,159,27,,
2021-07-11 18:22:54-07:00,10.876735746860504,79.01571035385132,9.07319,-20.0,-20.0,28.944,28.944,160,27,,
2021-07-11 18:22:55-07:00,10.876730382442474,79.01564061641693,9.08158,-20.0,-20.0,28.872,28.872,160,27,,
2021-07-11 18:22:56-07:00,10.876717641949654,79.01557087898254,9.0896,-20.0,-20.0,28.764000000000003,28.764000000000003,160,27,,
2021-07-11 18:22:57-07:00,10.876710936427116,79.01549577713013,9.097620000000001,-20.0,-20.0,28.944,28.944,160,27,,
2021-07-11 18:22:58-07:00,10.876703560352325,79.01542067527771,9.10606,-20.0,-20.0,28.8,28.8,160,27,,
2021-07-11 18:22:59-07:00,10.87668813765049,79.0153455734253,9.114139999999999,-20.0,-20.0,28.62,28.62,160,27,,
2021-07-11 18:23:00-07:00,10.876678749918938,79.0152758359909,9.12208,-20.0,-20.0,28.764000000000003,28.764000000000003,161,27,,
2021-07-11 18:23:01-07:00,10.876663327217102,79.01520073413849,9.1301,-20.0,-20.0,28.980000000000004,28.980000000000004,161,27,,
2021-07-11 18:23:02-07:00,10.876658633351326,79.0151309967041,9.13804,-20.0,-20.0,28.8,28.8,161,27,,
2021-07-11 18:23:03-07:00,10.876649916172028,79.01505589485168,9.14592,-20.0,-20.0,28.512,28.512,160,27,,
2021-07-11 18:23:04-07:00,10.876649916172028,79.0149861574173,9.15404,-20.0,-20.0,27.971999999999998,27.971999999999998,162,27,,
2021-07-11 18:23:05-07:00,10.876649916172028,79.01491641998291,9.16174,-20.0,-20.0,27.791999999999998,27.791999999999998,162,27,,
2021-07-11 18:23:06-07:00,10.876641869544983,79.0148413181305,9.169870000000001,-20.0,-20.0,28.62,28.62,162,27,,
2021-07-11 18:23:07-07:00,10.876633152365685,79.01476621627808,9.178180000000001,-20.0,-20.0,28.259999999999998,28.259999999999998,163,27,,
2021-07-11 18:23:08-07:00,10.876629799604416,79.01469111442566,9.18606,-20.0,-20.0,27.36,27.36,163,27,,
2021-07-11 18:23:09-07:00,10.876623094081879,79.01462137699127,9.194049999999999,-20.0,-20.0,27.072,27.072,163,27,,
2021-07-11 18:23:10-07:00,10.876618400216103,79.01454091072083,9.20176,-20.0,-20.0,26.46,26.46,163,27,,
2021-07-11 18:23:11-07:00,10.876610353589058,79.0144819021225,9.20933,-20.0,-20.0,25.38,25.38,163,27,,
2021-07-11 18:23:12-07:00,10.876600295305252,79.01442289352417,9.21645,-20.0,-20.0,24.876,24.876,162,27,,
2021-07-11 18:23:13-07:00,10.876596942543983,79.01435315608978,9.22313,-20.0,-20.0,23.904,23.904,162,27,,
2021-07-11 18:23:14-07:00,10.876581519842148,79.01430487632751,9.22907,-20.0,-20.0,22.572,22.572,161,27,,
2021-07-11 18:23:15-07:00,10.876563414931297,79.01425123214722,9.235280000000001,-20.0,-20.0,22.104,22.104,161,27,,
2021-07-11 18:23:16-07:00,10.876536592841148,79.01419222354889,9.24169,-20.0,-20.0,20.808,20.808,161,27,,
2021-07-11 18:23:17-07:00,10.876529887318611,79.01414930820465,9.24706,-20.0,-20.0,19.476000000000003,19.476000000000003,160,27,,
2021-07-11 18:23:18-07:00,10.876525193452835,79.01410102844238,9.25221,-20.0,-20.0,20.340000000000003,20.340000000000003,160,27,,
2021-07-11 18:23:19-07:00,10.876518487930298,79.01404738426208,9.25827,-20.0,-20.0,21.204,21.204,160,27,,
2021-07-11 18:23:20-07:00,10.876511111855507,79.01399374008179,9.26418,-20.0,-20.0,21.348,21.348,160,27,,
2021-07-11 18:23:21-07:00,10.876503065228462,79.01394009590149,9.27012,-20.0,-20.0,21.708000000000002,21.708000000000002,159,27,,
2021-07-11 18:23:22-07:00,10.876495689153671,79.01388108730316,9.276200000000001,-20.0,-20.0,22.32,22.32,159,27,,
2021-07-11 18:23:23-07:00,10.87648294866085,79.0138328075409,9.282200000000001,-20.0,-20.0,22.896,22.896,158,27,,
2021-07-11 18:23:24-07:00,10.87647020816803,79.01377379894257,9.28893,-20.0,-20.0,23.148,23.148,158,27,,
2021-07-11 18:23:25-07:00,10.876450091600418,79.01370406150818,9.29605,-20.0,-20.0,23.471999999999998,23.471999999999998,158,27,,
2021-07-11 18:23:26-07:00,10.876435339450836,79.01365041732788,9.302940000000001,-20.0,-20.0,24.012,24.012,157,27,,
2021-07-11 18:23:27-07:00,10.876427963376045,79.01357531547546,9.31031,-20.0,-20.0,24.696,24.696,157,27,,
2021-07-11 18:23:28-07:00,10.876420587301254,79.0135109424591,9.31784,-20.0,-20.0,25.56,25.56,157,27,,
2021-07-11 18:23:29-07:00,10.876413881778717,79.01344656944275,9.325370000000001,-20.0,-20.0,25.740000000000002,25.740000000000002,157,27,,
2021-07-11 18:23:30-07:00,10.876400470733643,79.01337683200836,9.33285,-20.0,-20.0,25.56,25.56,157,27,,
2021-07-11 18:23:31-07:00,10.876387730240822,79.01330709457397,9.34043,-20.0,-20.0,25.92,25.92,156,27,,
2021-07-11 18:23:32-07:00,10.876381024718285,79.01323735713959,9.34758,-20.0,-20.0,25.92,25.92,156,27,,
2021-07-11 18:23:33-07:00,10.876370966434479,79.01317834854126,9.354959999999998,-20.0,-20.0,26.28,26.28,155,27,,
2021-07-11 18:23:34-07:00,10.876355543732643,79.01310861110687,9.362530000000001,-20.0,-20.0,27.756,27.756,155,27,,
2021-07-11 18:23:35-07:00,10.876338109374046,79.01303350925446,9.37078,-20.0,-20.0,28.296000000000003,28.296000000000003,154,27,,
2021-07-11 18:23:36-07:00,10.87633341550827,79.01296377182007,9.37857,-20.0,-20.0,28.476000000000003,28.476000000000003,154,27,,
2021-07-11 18:23:37-07:00,10.876328721642494,79.01288866996765,9.38682,-20.0,-20.0,28.656,28.656,154,27,,
2021-07-11 18:23:38-07:00,10.876321345567703,79.01281893253326,9.394860000000001,-20.0,-20.0,28.152,28.152,155,27,,
2021-07-11 18:23:39-07:00,10.876324698328972,79.01274383068085,9.40264,-20.0,-20.0,27.612000000000002,27.612000000000002,155,27,,
2021-07-11 18:23:40-07:00,10.87632603943348,79.01267409324646,9.40992,-20.0,-20.0,27.503999999999998,27.503999999999998,155,27,,
2021-07-11 18:23:41-07:00,10.876317992806435,79.01261508464813,9.417629999999999,-20.0,-20.0,28.08,28.08,155,27,,
2021-07-11 18:23:42-07:00,10.876321345567703,79.01253461837769,9.4253,-20.0,-20.0,28.692,28.692,156,27,,
2021-07-11 18:23:43-07:00,10.876313298940659,79.01247024536133,9.433309999999999,-20.0,-20.0,28.476000000000003,28.476000000000003,156,27,,
2021-07-11 18:23:44-07:00,10.876308605074883,79.01238977909088,9.44088,-20.0,-20.0,28.548,28.548,156,27,,
2021-07-11 18:23:45-07:00,10.87630458176136,79.01232540607452,9.44879,-20.0,-20.0,28.872,28.872,157,27,,
2021-07-11 18:23:46-07:00,10.87630458176136,79.01224493980408,9.45675,-20.0,-20.0,29.052000000000003,29.052000000000003,157,27,,
2021-07-11 18:23:47-07:00,10.876311287283897,79.01218056678772,9.46508,-20.0,-20.0,29.376,29.376,157,27,,
2021-07-11 18:23:48-07:00,10.876324698328972,79.01209473609924,9.47357,-20.0,-20.0,28.548,28.548,158,27,,
2021-07-11 18:23:49-07:00,10.876331403851509,79.01202499866486,9.48143,-20.0,-20.0,27.936,27.936,158,27,,
2021-07-11 18:23:50-07:00,10.876340121030807,79.01195526123047,9.489370000000001,-20.0,-20.0,28.296000000000003,28.296000000000003,158,27,,
2021-07-11 18:23:51-07:00,10.876344814896584,79.01188015937805,9.497440000000001,-20.0,-20.0,27.503999999999998,27.503999999999998,159,27,,
2021-07-11 18:23:52-07:00,10.87635152041912,79.01181042194366,9.505139999999999,-20.0,-20.0,27.324,27.324,159,27,,
2021-07-11 18:23:53-07:00,10.876358225941658,79.01173532009125,9.51317,-20.0,-20.0,27.288,27.288,159,27,,
2021-07-11 18:23:54-07:00,10.876370966434479,79.01166558265686,9.52088,-20.0,-20.0,25.272,25.272,159,27,110,
2021-07-11 18:23:55-07:00,10.876383036375046,79.01160657405853,9.52776,-20.0,-20.0,24.336,24.336,160,27,110,
2021-07-11 18:23:56-07:00,10.876400470733643,79.0115475654602,9.53483,-20.0,-20.0,25.2,25.2,160,27,94,
2021-07-11 18:23:57-07:00,10.876416563987732,79.01147782802582,9.54219,-20.0,-20.0,26.892,26.892,160,27,82,
2021-07-11 18:23:58-07:00,10.876433327794075,79.01140809059143,9.55033,-20.0,-20.0,25.56,25.56,160,27,82,
2021-07-11 18:23:59-07:00,10.876446068286896,79.0113490819931,9.55704,-20.0,-20.0,22.752000000000002,22.752000000000002,161,27,81,
2021-07-11 18:24:00-07:00,10.876453444361687,79.01127934455872,9.56376,-20.0,-20.0,24.084000000000003,24.084000000000003,161,27,84,
2021-07-11 18:24:01-07:00,10.876461490988731,79.01120960712433,9.57177,-20.0,-20.0,27.144000000000002,27.144000000000002,161,27,84,
2021-07-11 18:24:02-07:00,10.876470878720284,79.01113986968994,9.58027,-20.0,-20.0,28.8,28.8,162,27,86,
2021-07-11 18:24:03-07:00,10.876473560929298,79.01104867458344,9.58829,-20.0,-20.0,28.872,28.872,162,27,88,
2021-07-11 18:24:04-07:00,10.87647020816803,79.01097357273102,9.59632,-20.0,-20.0,28.907999999999998,28.907999999999998,162,27,88,
2021-07-11 18:24:05-07:00,10.876470878720284,79.01088774204254,9.60422,-20.0,-20.0,28.44,28.44,162,27,88,
2021-07-11 18:24:06-07:00,10.876473560929298,79.01081264019012,9.61283,-20.0,-20.0,27.720000000000002,27.720000000000002,163,27,,
2021-07-11 18:24:07-07:00,10.876480266451836,79.01073753833771,9.621049999999999,-20.0,-20.0,27.108,27.108,163,27,,
2021-07-11 18:24:08-07:00,10.876481607556343,79.01066243648529,9.62907,-20.0,-20.0,27.0,27.0,163,27,,
2021-07-11 18:24:09-07:00,10.876484960317612,79.01058197021484,9.63742,-20.0,-20.0,27.900000000000002,27.900000000000002,163,27,,
2021-07-11 18:24:10-07:00,10.87648630142212,79.01050686836243,9.645850000000001,-20.0,-20.0,28.368,28.368,163,27,,
2021-07-11 18:24:11-07:00,10.876489654183388,79.01043176651001,9.653979999999999,-20.0,-20.0,27.468,27.468,163,27,,
2021-07-11 18:24:12-07:00,10.876495689153671,79.01036202907562,9.66157,-20.0,-20.0,26.388,26.388,163,27,,
2021-07-11 18:24:13-07:00,10.876495689153671,79.0103030204773,9.66916,-20.0,-20.0,25.92,25.92,162,27,,
2021-07-11 18:24:14-07:00,10.876495689153671,79.01022791862488,9.676549999999999,-20.0,-20.0,25.272,25.272,162,27,,
2021-07-11 18:24:15-07:00,10.876489654183388,79.01016354560852,9.683879999999998,-20.0,-20.0,25.416,25.416,162,27,,
2021-07-11 18:24:16-07:00,10.876498371362686,79.01009380817413,9.69123,-20.0,-20.0,24.912,24.912,162,27,,
2021-07-11 18:24:17-07:00,10.876495689153671,79.0100347995758,9.6981,-20.0,-20.0,24.624,24.624,162,27,,
2021-07-11 18:24:18-07:00,10.876496359705925,79.00997579097748,9.705129999999999,-20.0,-20.0,25.164,25.164,162,27,,
2021-07-11 18:24:19-07:00,10.876490995287895,79.00990605354309,9.71228,-20.0,-20.0,24.624,24.624,162,27,,
2021-07-11 18:24:20-07:00,10.876481607556343,79.00984168052673,9.71918,-20.0,-20.0,24.156,24.156,162,27,,
2021-07-11 18:24:21-07:00,10.87647020816803,79.00977730751038,9.72634,-20.0,-20.0,23.868,23.868,162,27,,
2021-07-11 18:24:22-07:00,10.876463502645493,79.00971293449402,9.732850000000001,-20.0,-20.0,23.868,23.868,162,27,,
2021-07-11 18:24:23-07:00,10.876455456018448,79.00965392589569,9.73975,-20.0,-20.0,24.48,24.48,162,27,,
2021-07-11 18:24:24-07:00,10.876445397734642,79.00958955287933,9.74653,-20.0,-20.0,24.840000000000003,24.840000000000003,162,27,,
2021-07-11 18:24:25-07:00,10.876436680555344,79.009530544281,9.75348,-20.0,-20.0,24.984,24.984,162,27,,
2021-07-11 18:24:26-07:00,10.876427963376045,79.00946080684662,9.76039,-20.0,-20.0,25.596,25.596,162,27,,
2021-07-11 18:24:27-07:00,10.876418575644493,79.00939106941223,9.76792,-20.0,-20.0,26.28,26.28,162,27,,
2021-07-11 18:24:28-07:00,10.876409858465195,79.0093320608139,9.775459999999999,-20.0,-20.0,26.172,26.172,162,27,,
2021-07-11 18:24:29-07:00,10.87639644742012,79.00925695896149,9.7832,-20.0,-20.0,26.1,26.1,162,27,,
2021-07-11 18:24:30-07:00,10.876383036375046,79.00919795036316,9.790899999999999,-20.0,-20.0,26.244,26.244,163,27,,
2021-07-11 18:24:31-07:00,10.87637834250927,79.00911748409271,9.798399999999999,-20.0,-20.0,26.136,26.136,163,27,,
2021-07-11 18:24:32-07:00,10.87636761367321,79.00905847549438,9.805639999999999,-20.0,-20.0,25.812,25.812,163,27,,
2021-07-11 18:24:33-07:00,10.876362919807434,79.00899946689606,9.812719999999999,-20.0,-20.0,25.704,25.704,163,27,,
2021-07-11 18:24:34-07:00,10.876356214284897,79.00892972946167,9.81988,-20.0,-20.0,25.92,25.92,163,27,,
2021-07-11 18:24:35-07:00,10.876346156001091,79.00885999202728,9.827459999999999,-20.0,-20.0,26.604,26.604,163,27,,
2021-07-11 18:24:36-07:00,10.876331403851509,79.00878489017487,9.83546,-20.0,-20.0,27.503999999999998,27.503999999999998,163,27,,
2021-07-11 18:24:37-07:00,10.876317992806435,79.00872051715851,9.8431,-20.0,-20.0,26.676000000000002,26.676000000000002,163,27,,
2021-07-11 18:24:38-07:00,10.876298546791077,79.00866150856018,9.85026,-20.0,-20.0,24.876,24.876,163,27,,
2021-07-11 18:24:39-07:00,10.87628848850727,79.0085917711258,9.857040000000001,-20.0,-20.0,24.372,24.372,163,27,,
2021-07-11 18:24:40-07:00,10.876279771327972,79.0085381269455,9.863299999999999,-20.0,-20.0,23.832,23.832,162,27,,
2021-07-11 18:24:41-07:00,10.876260325312614,79.00847911834717,9.869639999999999,-20.0,-20.0,23.291999999999998,23.291999999999998,162,27,77,
2021-07-11 18:24:42-07:00,10.876240208745003,79.0084308385849,9.87603,-20.0,-20.0,23.256,23.256,162,27,76,
2021-07-11 18:24:43-07:00,10.876220762729645,79.00837182998657,9.88248,-20.0,-20.0,23.040000000000003,23.040000000000003,162,27,81,
2021-07-11 18:24:44-07:00,10.876206010580063,79.00831282138824,9.88899,-20.0,-20.0,23.508000000000003,23.508000000000003,162,27,80,
2021-07-11 18:24:45-07:00,10.876181200146675,79.00825917720795,9.89597,-20.0,-20.0,24.228,24.228,162,27,78,
2021-07-11 18:24:46-07:00,10.876159742474556,79.00819480419159,9.90276,-20.0,-20.0,24.264000000000003,24.264000000000003,162,27,79,
2021-07-11 18:24:47-07:00,10.876138284802437,79.00814116001129,9.90949,-20.0,-20.0,23.400000000000002,23.400000000000002,162,27,82,
2021-07-11 18:24:48-07:00,10.876126885414124,79.008087515831,9.91564,-20.0,-20.0,22.248,22.248,162,27,79,
2021-07-11 18:24:49-07:00,10.87611012160778,79.0080338716507,9.92164,-20.0,-20.0,23.184,23.184,163,27,79,
2021-07-11 18:24:50-07:00,10.876083970069885,79.00796949863434,9.92921,-20.0,-20.0,24.048,24.048,163,27,79,
2021-07-11 18:24:51-07:00,10.876055806875229,79.00791585445404,9.936020000000001,-20.0,-20.0,22.824,22.824,163,27,77,
2021-07-11 18:24:52-07:00,10.876028314232826,79.00786757469177,9.9424,-20.0,-20.0,22.788,22.788,163,27,79,
2021-07-11 18:24:53-07:00,10.87599478662014,79.00780856609344,9.94906,-20.0,-20.0,23.58,23.58,163,27,79,
2021-07-11 18:24:54-07:00,10.875966623425484,79.00775492191315,9.95616,-20.0,-20.0,23.471999999999998,23.471999999999998,163,27,80,
2021-07-11 18:24:55-07:00,10.875938460230827,79.00770127773285,9.963040000000001,-20.0,-20.0,23.400000000000002,23.400000000000002,163,27,79,
2021-07-11 18:24:56-07:00,10.875914990901947,79.00763690471649,9.969700000000001,-20.0,-20.0,24.12,24.12,162,27,80,
2021-07-11 18:24:57-07:00,10.87589018046856,79.0075832605362,9.976899999999999,-20.0,-20.0,24.804,24.804,162,27,80,
2021-07-11 18:24:58-07:00,10.87586134672165,79.00752425193787,9.98416,-20.0,-20.0,24.408,24.408,162,27,80,
2021-07-11 18:24:59-07:00,10.875849947333336,79.00745451450348,9.99081,-20.0,-20.0,23.904,23.904,162,27,80,
2021-07-11 18:25:00-07:00,10.875836536288261,79.00741159915924,9.997020000000001,-20.0,-20.0,24.12,24.12,162,27,80,
2021-07-11 18:25:01-07:00,10.875818431377411,79.00734722614288,10.00367,-20.0,-20.0,24.696,24.696,162,27,82,
2021-07-11 18:25:02-07:00,10.875796303153038,79.00728821754456,10.010629999999999,-20.0,-20.0,25.56,25.56,162,27,83,
2021-07-11 18:25:03-07:00,10.875768139958382,79.00722920894623,10.01844,-20.0,-20.0,25.812,25.812,162,27,85,
2021-07-11 18:25:04-07:00,10.875740647315979,79.00715947151184,10.025739999999999,-20.0,-20.0,25.524,25.524,162,27,86,
2021-07-11 18:25:05-07:00,10.875711813569069,79.00709509849548,10.03354,-20.0,-20.0,24.66,24.66,162,27,86,
2021-07-11 18:25:06-07:00,10.87568499147892,79.00703608989716,10.04127,-20.0,-20.0,25.488,25.488,163,27,86,
2021-07-11 18:25:07-07:00,10.87565615773201,79.00696098804474,10.04986,-20.0,-20.0,27.072,27.072,163,27,87,
2021-07-11 18:25:08-07:00,10.875628665089607,79.00689125061035,10.05832,-20.0,-20.0,27.18,27.18,163,27,87,
2021-07-11 18:25:09-07:00,10.875605195760727,79.00681614875793,10.06642,-20.0,-20.0,27.396,27.396,163,27,88,
2021-07-11 18:25:10-07:00,10.87557502090931,79.00675177574158,10.07439,-20.0,-20.0,27.36,27.36,163,27,89,
2021-07-11 18:25:11-07:00,10.875551551580429,79.00668740272522,10.08216,-20.0,-20.0,26.64,26.64,163,27,89,
2021-07-11 18:25:12-07:00,10.875520706176758,79.00661766529083,10.08999,-20.0,-20.0,25.812,25.812,163,27,91,
2021-07-11 18:25:13-07:00,10.87549053132534,79.00655329227448,10.097850000000001,-20.0,-20.0,25.128000000000004,25.128000000000004,163,27,91,
2021-07-11 18:25:14-07:00,10.875463038682938,79.00649428367615,10.10507,-20.0,-20.0,25.92,25.92,164,27,90,
2021-07-11 18:25:15-07:00,10.875436216592789,79.00642454624176,10.113100000000001,-20.0,-20.0,25.776,25.776,164,27,90,
2021-07-11 18:25:16-07:00,10.875420793890953,79.00636553764343,10.12033,-20.0,-20.0,24.732,24.732,164,27,88,
2021-07-11 18:25:17-07:00,10.875406712293625,79.00629580020905,10.12766,-20.0,-20.0,25.416,25.416,164,27,85,
2021-07-11 18:25:18-07:00,10.87539128959179,79.00622606277466,10.13505,-20.0,-20.0,26.208000000000002,26.208000000000002,164,27,85,
2021-07-11 18:25:19-07:00,10.875373184680939,79.00615632534027,10.14256,-20.0,-20.0,25.632,25.632,164,27,81,
2021-07-11 18:25:20-07:00,10.875351056456566,79.00609731674194,10.15002,-20.0,-20.0,25.38,25.38,164,27,81,
2021-07-11 18:25:21-07:00,10.875325575470924,79.00603830814362,10.15793,-20.0,-20.0,25.668,25.668,164,27,88,
2021-07-11 18:25:22-07:00,10.875298082828522,79.00596857070923,10.16536,-20.0,-20.0,25.704,25.704,164,27,89,
2021-07-11 18:25:23-07:00,10.875271260738373,79.0059095621109,10.17274,-20.0,-20.0,26.316,26.316,164,27,90,
2021-07-11 18:25:24-07:00,10.875241756439209,79.0058559179306,10.18028,-20.0,-20.0,26.46,26.46,163,27,88,
2021-07-11 18:25:25-07:00,10.875215604901314,79.00578618049622,10.18736,-20.0,-20.0,26.748,26.748,163,27,87,
2021-07-11 18:25:26-07:00,10.875190794467926,79.00572180747986,10.19497,-20.0,-20.0,26.748,26.748,163,27,89,
2021-07-11 18:25:27-07:00,10.875163301825523,79.0056574344635,10.2025,-20.0,-20.0,25.92,25.92,163,27,89,
2021-07-11 18:25:28-07:00,10.87513580918312,79.0056037902832,10.2094,-20.0,-20.0,26.028000000000002,26.028000000000002,163,27,89,
2021-07-11 18:25:29-07:00,10.87510496377945,79.00553941726685,10.216959999999998,-20.0,-20.0,25.452,25.452,163,27,85,
2021-07-11 18:25:30-07:00,10.875080153346062,79.00548040866852,10.22424,-20.0,-20.0,25.812,25.812,163,27,86,
2021-07-11 18:25:31-07:00,10.875055342912674,79.00541067123413,10.232610000000001,-20.0,-20.0,26.352,26.352,163,27,88,
2021-07-11 18:25:32-07:00,10.87503656744957,79.00534093379974,10.239889999999999,-20.0,-20.0,25.344,25.344,163,27,88,
2021-07-11 18:25:33-07:00,10.875015780329704,79.00527119636536,10.24763,-20.0,-20.0,23.652,23.652,163,27,90,
2021-07-11 18:25:34-07:00,10.874995663762093,79.00522291660309,10.25474,-20.0,-20.0,21.240000000000002,21.240000000000002,163,27,88,
2021-07-11 18:25:35-07:00,10.874966159462929,79.0051531791687,10.26166,-20.0,-20.0,23.148,23.148,163,27,88,
2021-07-11 18:25:36-07:00,10.874937996268272,79.00508880615234,10.26963,-20.0,-20.0,25.488,25.488,163,27,88,
2021-07-11 18:25:37-07:00,10.874913185834885,79.00502979755402,10.27722,-20.0,-20.0,24.624,24.624,163,27,86,
2021-07-11 18:25:38-07:00,10.874890387058258,79.00496006011963,10.284780000000001,-20.0,-20.0,23.220000000000002,23.220000000000002,163,27,88,
2021-07-11 18:25:39-07:00,10.874868929386139,79.00490641593933,10.29166,-20.0,-20.0,21.852,21.852,163,27,87,
2021-07-11 18:25:40-07:00,10.874840766191483,79.004847407341,10.298459999999999,-20.0,-20.0,21.708000000000002,21.708000000000002,162,27,85,
2021-07-11 18:25:41-07:00,10.874815285205841,79.00478303432465,10.30587,-20.0,-20.0,20.844,20.844,162,27,85,
2021-07-11 18:25:42-07:00,10.874790474772453,79.00473475456238,10.31267,-20.0,-20.0,21.168,21.168,163,27,85,
2021-07-11 18:25:43-07:00,10.87476298213005,79.00466501712799,10.31991,-20.0,-20.0,22.752000000000002,22.752000000000002,163,27,84,
2021-07-11 18:25:44-07:00,10.874740853905678,79.00460064411163,10.32712,-20.0,-20.0,23.364,23.364,163,27,82,
2021-07-11 18:25:45-07:00,10.87471067905426,79.0045416355133,10.33546,-20.0,-20.0,24.336,24.336,164,27,81,
2021-07-11 18:25:46-07:00,10.874677821993828,79.00446653366089,10.34417,-20.0,-20.0,24.732,24.732,164,27,80,
2021-07-11 18:25:47-07:00,10.874655023217201,79.00439143180847,10.352649999999999,-20.0,-20.0,24.66,24.66,164,27,79,
2021-07-11 18:25:48-07:00,10.874632894992828,79.00432169437408,10.36069,-20.0,-20.0,24.912,24.912,164,27,79,
2021-07-11 18:25:49-07:00,10.874620825052261,79.0042519569397,10.3685,-20.0,-20.0,24.984,24.984,164,27,79,
2021-07-11 18:25:50-07:00,10.87460808455944,79.00417685508728,10.376370000000001,-20.0,-20.0,25.056,25.056,164,27,79,
2021-07-11 18:25:51-07:00,10.874594673514366,79.00411248207092,10.38398,-20.0,-20.0,25.128000000000004,25.128000000000004,164,27,79,
2021-07-11 18:25:52-07:00,10.874580591917038,79.00404810905457,10.39166,-20.0,-20.0,24.876,24.876,164,27,79,
2021-07-11 18:25:53-07:00,10.874565169215202,79.00396764278412,10.3992,-20.0,-20.0,25.128000000000004,25.128000000000004,164,27,,
2021-07-11 18:25:54-07:00,10.874553099274635,79.00390863418579,10.406649999999999,-20.0,-20.0,25.308,25.308,164,27,,
2021-07-11 18:25:55-07:00,10.87454840540886,79.0038388967514,10.41408,-20.0,-20.0,25.416,25.416,164,27,,
2021-07-11 18:25:56-07:00,10.874546393752098,79.00376915931702,10.42144,-20.0,-20.0,25.704,25.704,164,27,,
2021-07-11 18:25:57-07:00,10.874539017677307,79.00370478630066,10.42885,-20.0,-20.0,24.912,24.912,164,27,,
2021-07-11 18:25:58-07:00,10.874520242214203,79.0036404132843,10.435709999999998,-20.0,-20.0,25.308,25.308,164,27,,
2021-07-11 18:25:59-07:00,10.874500796198845,79.00358140468597,10.44303,-20.0,-20.0,25.092,25.092,164,27,,
2021-07-11 18:26:00-07:00,10.874490737915039,79.00351703166962,10.44984,-20.0,-20.0,23.868,23.868,164,27,,
2021-07-11 18:26:01-07:00,10.87448537349701,79.00345265865326,10.4569,-20.0,-20.0,24.912,24.912,164,27,,
2021-07-11 18:26:02-07:00,10.87447665631771,79.0033882856369,10.46435,-20.0,-20.0,25.992,25.992,164,27,,
2021-07-11 18:26:03-07:00,10.874472633004189,79.00331318378448,10.47181,-20.0,-20.0,25.56,25.56,163,27,,
2021-07-11 18:26:04-07:00,10.874465927481651,79.00325417518616,10.478909999999999,-20.0,-20.0,23.688000000000002,23.688000000000002,163,27,,
2021-07-11 18:26:05-07:00,10.874455869197845,79.0031898021698,10.48562,-20.0,-20.0,24.012,24.012,163,27,,
2021-07-11 18:26:06-07:00,10.874445140361786,79.00313079357147,10.49285,-20.0,-20.0,25.848,25.848,162,27,,
2021-07-11 18:26:07-07:00,10.874436423182487,79.00306105613708,10.50006,-20.0,-20.0,26.316,26.316,163,27,,
2021-07-11 18:26:08-07:00,10.874428376555443,79.0029913187027,10.50725,-20.0,-20.0,26.892,26.892,163,27,,
2021-07-11 18:26:09-07:00,10.87442971765995,79.00293231010437,10.514700000000001,-20.0,-20.0,26.964000000000002,26.964000000000002,162,27,,
2021-07-11 18:26:10-07:00,10.874431058764458,79.00286257266998,10.52198,-20.0,-20.0,26.676000000000002,26.676000000000002,162,27,,
2021-07-11 18:26:11-07:00,10.874435752630234,79.0027928352356,10.52938,-20.0,-20.0,27.072,27.072,161,27,,
2021-07-11 18:26:12-07:00,10.874435752630234,79.00272309780121,10.537049999999999,-20.0,-20.0,26.82,26.82,161,27,,
2021-07-11 18:26:13-07:00,10.87444044649601,79.00265872478485,10.54452,-20.0,-20.0,26.28,26.28,161,27,,
2021-07-11 18:26:14-07:00,10.874443128705025,79.00258898735046,10.55184,-20.0,-20.0,26.316,26.316,161,27,,
2021-07-11 18:26:15-07:00,10.874436423182487,79.00251924991608,10.5592,-20.0,-20.0,25.92,25.92,161,27,,
2021-07-11 18:26:16-07:00,10.87444044649601,79.00246024131775,10.56613,-20.0,-20.0,25.992,25.992,161,27,,
2021-07-11 18:26:17-07:00,10.874433070421219,79.0023797750473,10.5736,-20.0,-20.0,26.208000000000002,26.208000000000002,161,27,,
2021-07-11 18:26:18-07:00,10.874425023794174,79.00232076644897,10.58096,-20.0,-20.0,26.388,26.388,162,27,,
2021-07-11 18:26:19-07:00,10.874415636062622,79.00226175785065,10.58849,-20.0,-20.0,26.676000000000002,26.676000000000002,162,27,,
2021-07-11 18:26:20-07:00,10.87440624833107,79.0021812915802,10.59619,-20.0,-20.0,26.712,26.712,162,27,,
2021-07-11 18:26:21-07:00,10.874400213360786,79.00211691856384,10.603860000000001,-20.0,-20.0,27.036,27.036,162,27,,
2021-07-11 18:26:22-07:00,10.874390825629234,79.0020364522934,10.61167,-20.0,-20.0,27.396,27.396,162,27,,
2021-07-11 18:26:23-07:00,10.874383449554443,79.00197207927704,10.61956,-20.0,-20.0,27.432000000000002,27.432000000000002,163,27,,
2021-07-11 18:26:24-07:00,10.874373391270638,79.00190770626068,10.627270000000001,-20.0,-20.0,27.288,27.288,163,27,,
2021-07-11 18:26:25-07:00,10.874368026852608,79.00183260440826,10.634870000000001,-20.0,-20.0,27.468,27.468,163,27,,
2021-07-11 18:26:26-07:00,10.874370038509369,79.00176286697388,10.64274,-20.0,-20.0,27.936,27.936,163,27,,
2021-07-11 18:26:27-07:00,10.874366015195847,79.00168776512146,10.650450000000001,-20.0,-20.0,27.864,27.864,163,27,,
2021-07-11 18:26:28-07:00,10.874363332986832,79.00161802768707,10.65802,-20.0,-20.0,27.791999999999998,27.791999999999998,163,27,,
2021-07-11 18:26:29-07:00,10.874363332986832,79.00154829025269,10.66576,-20.0,-20.0,27.720000000000002,27.720000000000002,163,27,,
2021-07-11 18:26:30-07:00,10.874370038509369,79.00148391723633,10.673549999999999,-20.0,-20.0,27.072,27.072,163,27,,
2021-07-11 18:26:31-07:00,10.874370709061623,79.00141417980194,10.68116,-20.0,-20.0,27.144000000000002,27.144000000000002,163,27,,
2021-07-11 18:26:32-07:00,10.874370709061623,79.00134444236755,10.68873,-20.0,-20.0,27.288,27.288,163,27,,
2021-07-11 18:26:33-07:00,10.874375402927399,79.00126934051514,10.696489999999999,-20.0,-20.0,26.856,26.856,163,27,,
2021-07-11 18:26:34-07:00,10.874365344643593,79.00119960308075,10.70424,-20.0,-20.0,27.468,27.468,163,27,,
2021-07-11 18:26:35-07:00,10.874356627464294,79.00112450122833,10.71244,-20.0,-20.0,28.548,28.548,163,27,,
2021-07-11 18:26:36-07:00,10.874336510896683,79.00104939937592,10.720870000000001,-20.0,-20.0,28.476000000000003,28.476000000000003,163,27,,
2021-07-11 18:26:37-07:00,10.874323099851608,79.00097966194153,10.72871,-20.0,-20.0,27.540000000000003,27.540000000000003,163,27,,
2021-07-11 18:26:38-07:00,10.874307677149773,79.00091528892517,10.73641,-20.0,-20.0,27.576,27.576,164,27,,
2021-07-11 18:26:39-07:00,10.874281525611877,79.00084018707275,10.7448,-20.0,-20.0,28.584000000000003,28.584000000000003,164,27,,
2021-07-11 18:26:40-07:00,10.874258056282997,79.00077044963837,10.7531,-20.0,-20.0,29.088,29.088,164,27,,
2021-07-11 18:26:41-07:00,10.874239951372147,79.00068998336792,10.761379999999999,-20.0,-20.0,28.332,28.332,165,27,,
2021-07-11 18:26:42-07:00,10.874216482043266,79.00062561035156,10.76923,-20.0,-20.0,27.108,27.108,164,27,,
2021-07-11 18:26:43-07:00,10.874198377132416,79.0005612373352,10.77635,-20.0,-20.0,26.46,26.46,164,27,,
2021-07-11 18:26:44-07:00,10.874184966087341,79.00049686431885,10.7832,-20.0,-20.0,25.596,25.596,164,27,,
2021-07-11 18:26:45-07:00,10.874168872833252,79.00044322013855,10.79014,-20.0,-20.0,24.624,24.624,163,27,,
2021-07-11 18:26:46-07:00,10.874155461788177,79.00038421154022,10.79687,-20.0,-20.0,24.624,24.624,163,27,,
2021-07-11 18:26:47-07:00,10.874142721295357,79.00031983852386,10.80377,-20.0,-20.0,25.2,25.2,163,27,,
2021-07-11 18:26:48-07:00,10.874117910861969,79.00026082992554,10.81138,-20.0,-20.0,25.596,25.596,163,27,,
2021-07-11 18:26:49-07:00,10.874097794294357,79.00018572807312,10.81891,-20.0,-20.0,25.956,25.956,163,27,84,
2021-07-11 18:26:50-07:00,10.874088406562805,79.00012135505676,10.826319999999999,-20.0,-20.0,27.0,27.0,163,27,84,
2021-07-11 18:26:51-07:00,10.874078348279,79.00004625320435,10.83382,-20.0,-20.0,27.576,27.576,163,27,83,
2021-07-11 18:26:52-07:00,10.874070301651955,78.99998724460602,10.84142,-20.0,-20.0,27.36,27.36,163,27,85,
2021-07-11 18:26:53-07:00,10.874065607786179,78.9999121427536,10.849219999999999,-20.0,-20.0,27.540000000000003,27.540000000000003,163,27,85,
2021-07-11 18:26:54-07:00,10.874053537845612,78.99984240531921,10.856959999999999,-20.0,-20.0,26.82,26.82,163,27,85,
2021-07-11 18:26:55-07:00,10.874036103487015,78.99977266788483,10.864799999999999,-20.0,-20.0,25.848,25.848,163,27,,
2021-07-11 18:26:56-07:00,10.874025374650955,78.99970293045044,10.872549999999999,-20.0,-20.0,26.208000000000002,26.208000000000002,163,27,,
2021-07-11 18:26:57-07:00,10.874015986919403,78.99963319301605,10.88065,-20.0,-20.0,26.82,26.82,164,27,,
2021-07-11 18:26:58-07:00,10.874011293053627,78.9995527267456,10.88868,-20.0,-20.0,26.784000000000002,26.784000000000002,164,27,,
2021-07-11 18:26:59-07:00,10.874005258083344,78.99948835372925,10.89644,-20.0,-20.0,26.532,26.532,164,27,,
2021-07-11 18:27:00-07:00,10.874000564217567,78.99941325187683,10.90424,-20.0,-20.0,26.64,26.64,164,27,,
2021-07-11 18:27:01-07:00,10.873993188142776,78.99934351444244,10.912049999999999,-20.0,-20.0,27.108,27.108,164,27,,
2021-07-11 18:27:02-07:00,10.87398648262024,78.99927914142609,10.91958,-20.0,-20.0,27.036,27.036,164,27,,
2021-07-11 18:27:03-07:00,10.87397776544094,78.9992094039917,10.927059999999999,-20.0,-20.0,25.884,25.884,164,27,,
2021-07-11 18:27:04-07:00,10.87397038936615,78.99913966655731,10.934239999999999,-20.0,-20.0,25.2,25.2,164,27,,
2021-07-11 18:27:05-07:00,10.873954966664314,78.99906992912292,10.94163,-20.0,-20.0,26.82,26.82,164,27,,
2021-07-11 18:27:06-07:00,10.873948261141777,78.99900019168854,10.94984,-20.0,-20.0,27.576,27.576,164,27,,
2021-07-11 18:27:07-07:00,10.873943567276001,78.99892508983612,10.95768,-20.0,-20.0,27.396,27.396,163,27,,
2021-07-11 18:27:08-07:00,10.873940885066986,78.99885535240173,10.96568,-20.0,-20.0,27.900000000000002,27.900000000000002,163,27,,
2021-07-11 18:27:09-07:00,10.873932838439941,78.99879097938538,10.97364,-20.0,-20.0,27.900000000000002,27.900000000000002,163,27,,
2021-07-11 18:27:10-07:00,10.87392546236515,78.99871051311493,10.98152,-20.0,-20.0,28.044,28.044,163,27,,
2021-07-11 18:27:11-07:00,10.87391808629036,78.99864614009857,10.98955,-20.0,-20.0,28.08,28.08,163,27,,
2021-07-11 18:27:12-07:00,10.873905345797539,78.99856567382812,10.99728,-20.0,-20.0,27.215999999999998,27.215999999999998,164,27,,
2021-07-11 18:27:13-07:00,10.873883217573166,78.99850130081177,11.00502,-20.0,-20.0,27.0,27.0,164,27,,
2021-07-11 18:27:14-07:00,10.873866453766823,78.99843156337738,11.01285,-20.0,-20.0,27.720000000000002,27.720000000000002,164,27,,
2021-07-11 18:27:15-07:00,10.873850360512733,78.998361825943,11.020629999999999,-20.0,-20.0,28.62,28.62,165,27,,
2021-07-11 18:27:16-07:00,10.873843654990196,78.9982920885086,11.02897,-20.0,-20.0,29.268000000000004,29.268000000000004,165,27,,
2021-07-11 18:27:17-07:00,10.873845666646957,78.99821162223816,11.03733,-20.0,-20.0,28.584000000000003,28.584000000000003,165,27,,
2021-07-11 18:27:18-07:00,10.873841643333435,78.99814188480377,11.04561,-20.0,-20.0,28.332,28.332,166,27,,
2021-07-11 18:27:19-07:00,10.873834937810898,78.99806141853333,11.05364,-20.0,-20.0,28.907999999999998,28.907999999999998,167,27,,
2021-07-11 18:27:20-07:00,10.873825550079346,78.99799704551697,11.061459999999999,-20.0,-20.0,28.728,28.728,166,27,,
2021-07-11 18:27:21-07:00,10.873805433511734,78.99791657924652,11.06897,-20.0,-20.0,27.828000000000003,27.828000000000003,167,27,,
2021-07-11 18:27:22-07:00,10.873785987496376,78.9978575706482,11.07648,-20.0,-20.0,27.971999999999998,27.971999999999998,167,27,80,
2021-07-11 18:27:23-07:00,10.873769894242287,78.99779856204987,11.08412,-20.0,-20.0,28.116,28.116,167,27,89,
2021-07-11 18:27:24-07:00,10.873751118779182,78.99771809577942,11.09204,-20.0,-20.0,26.604,26.604,166,27,88,
2021-07-11 18:27:25-07:00,10.87374173104763,78.99765908718109,11.09895,-20.0,-20.0,26.028000000000002,26.028000000000002,166,27,89,
2021-07-11 18:27:26-07:00,10.873728320002556,78.9975893497467,11.10592,-20.0,-20.0,26.496000000000002,26.496000000000002,166,27,87,
2021-07-11 18:27:27-07:00,10.873720273375511,78.99753034114838,11.11314,-20.0,-20.0,26.676000000000002,26.676000000000002,166,27,87,
2021-07-11 18:27:28-07:00,10.873698815703392,78.99747133255005,11.120719999999999,-20.0,-20.0,26.892,26.892,166,27,87,
2021-07-11 18:27:29-07:00,10.873680710792542,78.9973908662796,11.12827,-20.0,-20.0,26.712,26.712,166,27,,
2021-07-11 18:27:30-07:00,10.873669981956482,78.99733185768127,11.13601,-20.0,-20.0,26.388,26.388,166,27,,
2021-07-11 18:27:31-07:00,10.87366059422493,78.99725675582886,11.14364,-20.0,-20.0,25.740000000000002,25.740000000000002,166,27,,
2021-07-11 18:27:32-07:00,10.873645842075348,78.9971923828125,11.15068,-20.0,-20.0,24.984,24.984,166,27,,
2021-07-11 18:27:33-07:00,10.873635783791542,78.9971387386322,11.15734,-20.0,-20.0,25.632,25.632,166,27,,
2021-07-11 18:27:34-07:00,10.873618349432945,78.99707436561584,11.16456,-20.0,-20.0,26.532,26.532,166,27,,
2021-07-11 18:27:35-07:00,10.87360493838787,78.99700999259949,11.17197,-20.0,-20.0,26.928,26.928,165,27,78,
2021-07-11 18:27:36-07:00,10.873590856790543,78.99693489074707,11.17957,-20.0,-20.0,27.252000000000002,27.252000000000002,165,27,56,
2021-07-11 18:27:37-07:00,10.873578116297722,78.99686515331268,11.18743,-20.0,-20.0,27.720000000000002,27.720000000000002,165,27,56,
2021-07-11 18:27:38-07:00,10.873564705252647,78.9967954158783,11.195799999999998,-20.0,-20.0,28.044,28.044,165,27,43,
2021-07-11 18:27:39-07:00,10.873553305864334,78.99672031402588,11.20384,-20.0,-20.0,27.324,27.324,165,27,43,
2021-07-11 18:27:40-07:00,10.873527824878693,78.99665057659149,11.21184,-20.0,-20.0,27.288,27.288,165,27,95,
2021-07-11 18:27:41-07:00,10.873503014445305,78.99657547473907,11.22019,-20.0,-20.0,27.791999999999998,27.791999999999998,164,27,95,
2021-07-11 18:27:42-07:00,10.873480215668678,78.99650573730469,11.228729999999999,-20.0,-20.0,26.316,26.316,164,27,94,
2021-07-11 18:27:43-07:00,10.873460099101067,78.99643063545227,11.23626,-20.0,-20.0,26.316,26.316,164,27,94,
2021-07-11 18:27:44-07:00,10.87344266474247,78.99636089801788,11.244489999999999,-20.0,-20.0,27.791999999999998,27.791999999999998,164,27,92,
2021-07-11 18:27:45-07:00,10.87342657148838,78.99628579616547,11.25288,-20.0,-20.0,28.224,28.224,164,27,95,
2021-07-11 18:27:46-07:00,10.873411148786545,78.99621605873108,11.26123,-20.0,-20.0,28.8,28.8,164,27,95,
2021-07-11 18:27:47-07:00,10.873396396636963,78.99615168571472,11.269350000000001,-20.0,-20.0,28.548,28.548,164,27,95,
2021-07-11 18:27:48-07:00,10.873368233442307,78.99608194828033,11.27712,-20.0,-20.0,27.18,27.18,164,27,102,
2021-07-11 18:27:49-07:00,10.873328670859337,78.99601757526398,11.28498,-20.0,-20.0,26.28,26.28,164,27,102,
2021-07-11 18:27:50-07:00,10.87329313158989,78.99595320224762,11.29269,-20.0,-20.0,26.748,26.748,165,27,50,
2021-07-11 18:27:51-07:00,10.873257592320442,78.99589955806732,11.30046,-20.0,-20.0,28.368,28.368,165,27,84,
2021-07-11 18:27:52-07:00,10.87323009967804,78.99583518505096,11.30776,-20.0,-20.0,28.62,28.62,165,27,89,
2021-07-11 18:27:53-07:00,10.873193219304085,78.99576544761658,11.315700000000001,-20.0,-20.0,28.188000000000002,28.188000000000002,165,27,89,
2021-07-11 18:27:54-07:00,10.87316170334816,78.99570643901825,11.32366,-20.0,-20.0,28.8,28.8,165,27,90,
2021-07-11 18:27:55-07:00,10.87313488125801,78.99563133716583,11.33211,-20.0,-20.0,29.52,29.52,166,27,96,
2021-07-11 18:27:56-07:00,10.873100683093071,78.99556159973145,11.34033,-20.0,-20.0,29.592000000000002,29.592000000000002,166,27,98,
2021-07-11 18:27:57-07:00,10.87308056652546,78.99549186229706,11.34857,-20.0,-20.0,29.016000000000002,29.016000000000002,166,27,96,
2021-07-11 18:27:58-07:00,10.873060449957848,78.99541139602661,11.35707,-20.0,-20.0,29.052000000000003,29.052000000000003,166,27,95,
2021-07-11 18:27:59-07:00,10.873038321733475,78.99534165859222,11.36566,-20.0,-20.0,28.872,28.872,166,27,94,
2021-07-11 18:28:00-07:00,10.873010829091072,78.99526655673981,11.37426,-20.0,-20.0,28.512,28.512,166,27,95,
2021-07-11 18:28:01-07:00,10.872986018657684,78.99518609046936,11.38208,-20.0,-20.0,28.152,28.152,167,27,95,
2021-07-11 18:28:02-07:00,10.872973948717117,78.99511098861694,11.39016,-20.0,-20.0,27.900000000000002,27.900000000000002,167,27,91,
2021-07-11 18:28:03-07:00,10.872961208224297,78.99504125118256,11.39805,-20.0,-20.0,28.044,28.044,167,27,90,
2021-07-11 18:28:04-07:00,10.872945114970207,78.99496614933014,11.406120000000001,-20.0,-20.0,28.116,28.116,167,27,90,
2021-07-11 18:28:05-07:00,10.872922986745834,78.99490714073181,11.414010000000001,-20.0,-20.0,27.900000000000002,27.900000000000002,167,27,90,
2021-07-11 18:28:06-07:00,10.872898176312447,78.99483740329742,11.42207,-20.0,-20.0,27.144000000000002,27.144000000000002,168,27,80,
2021-07-11 18:28:07-07:00,10.872878059744835,78.99476230144501,11.42982,-20.0,-20.0,25.848,25.848,168,27,87,
2021-07-11 18:28:08-07:00,10.872865319252014,78.99470865726471,11.43703,-20.0,-20.0,26.028000000000002,26.028000000000002,168,27,86,
2021-07-11 18:28:09-07:00,10.872850567102432,78.99462819099426,11.44449,-20.0,-20.0,24.876,24.876,168,27,83,
2021-07-11 18:28:10-07:00,10.872843191027641,78.994579911232,11.450700000000001,-20.0,-20.0,23.220000000000002,23.220000000000002,167,27,86,
2021-07-11 18:28:11-07:00,10.87283045053482,78.99451553821564,11.45757,-20.0,-20.0,23.976000000000003,23.976000000000003,167,27,85,
2021-07-11 18:28:12-07:00,10.872820392251015,78.99444580078125,11.464780000000001,-20.0,-20.0,24.408,24.408,167,27,86,
2021-07-11 18:28:13-07:00,10.872804969549179,78.99438679218292,11.47234,-20.0,-20.0,25.02,25.02,167,27,86,
2021-07-11 18:28:14-07:00,10.872798264026642,78.9943116903305,11.47987,-20.0,-20.0,26.28,26.28,167,27,86,
2021-07-11 18:28:15-07:00,10.87278887629509,78.99424195289612,11.48791,-20.0,-20.0,27.18,27.18,167,27,,
2021-07-11 18:28:16-07:00,10.872782841324806,78.99417221546173,11.496,-20.0,-20.0,26.856,26.856,167,27,,
2021-07-11 18:28:17-07:00,10.87277814745903,78.99409711360931,11.50369,-20.0,-20.0,27.503999999999998,27.503999999999998,167,27,,
2021-07-11 18:28:18-07:00,10.872775465250015,78.99402737617493,11.51185,-20.0,-20.0,28.296000000000003,28.296000000000003,167,27,,
2021-07-11 18:28:19-07:00,10.872766077518463,78.99395227432251,11.519770000000001,-20.0,-20.0,27.864,27.864,166,27,,
2021-07-11 18:28:20-07:00,10.87276004254818,78.99387717247009,11.52778,-20.0,-20.0,27.864,27.864,166,27,,
2021-07-11 18:28:21-07:00,10.872760713100433,78.9938074350357,11.53565,-20.0,-20.0,28.08,28.08,166,27,,
2021-07-11 18:28:22-07:00,10.872760713100433,78.99373233318329,11.543719999999999,-20.0,-20.0,28.512,28.512,166,27,,
2021-07-11 18:28:23-07:00,10.87276004254818,78.99365186691284,11.55185,-20.0,-20.0,29.016000000000002,29.016000000000002,166,27,,
2021-07-11 18:28:24-07:00,10.872764736413956,78.99358749389648,11.56008,-20.0,-20.0,29.268000000000004,29.268000000000004,167,27,,
2021-07-11 18:28:25-07:00,10.872762724757195,78.99350702762604,11.56809,-20.0,-20.0,29.124,29.124,167,27,,
2021-07-11 18:28:26-07:00,10.872760713100433,78.99343192577362,11.576030000000001,-20.0,-20.0,29.483999999999998,29.483999999999998,167,27,,
2021-07-11 18:28:27-07:00,10.872756019234657,78.99336218833923,11.584209999999999,-20.0,-20.0,29.448,29.448,168,27,,
2021-07-11 18:28:28-07:00,10.872744619846344,78.99328708648682,11.59244,-20.0,-20.0,28.44,28.44,168,27,,
2021-07-11 18:28:29-07:00,10.8727365732193,78.99321734905243,11.600290000000001,-20.0,-20.0,28.188000000000002,28.188000000000002,168,27,,
2021-07-11 18:28:30-07:00,10.8727365732193,78.99314224720001,11.6083,-20.0,-20.0,27.503999999999998,27.503999999999998,169,27,,
2021-07-11 18:28:31-07:00,10.8727365732193,78.99307250976562,11.61582,-20.0,-20.0,27.576,27.576,169,27,,
2021-07-11 18:28:32-07:00,10.87273120880127,78.99299740791321,11.623959999999999,-20.0,-20.0,28.728,28.728,169,27,,
2021-07-11 18:28:33-07:00,10.872723162174225,78.99292230606079,11.632520000000001,-20.0,-20.0,29.016000000000002,29.016000000000002,170,27,,
2021-07-11 18:28:34-07:00,10.872717797756195,78.99284720420837,11.64108,-20.0,-20.0,28.656,28.656,170,27,,
2021-07-11 18:28:35-07:00,10.872713103890419,78.99276673793793,11.6491,-20.0,-20.0,28.296000000000003,28.296000000000003,170,27,,
2021-07-11 18:28:36-07:00,10.872699692845345,78.99270236492157,11.65741,-20.0,-20.0,28.872,28.872,170,27,,
2021-07-11 18:28:37-07:00,10.872686952352524,78.9926165342331,11.665959999999998,-20.0,-20.0,29.304000000000002,29.304000000000002,170,27,,
2021-07-11 18:28:38-07:00,10.872674882411957,78.9925467967987,11.67456,-20.0,-20.0,28.44,28.44,171,27,,
2021-07-11 18:28:39-07:00,10.872658118605614,78.99246633052826,11.68261,-20.0,-20.0,27.0,27.0,171,27,,
2021-07-11 18:28:40-07:00,10.872651413083076,78.9924019575119,11.68983,-20.0,-20.0,25.776,25.776,171,27,,
2021-07-11 18:28:41-07:00,10.872633308172226,78.99233222007751,11.69707,-20.0,-20.0,24.624,24.624,171,27,,
2021-07-11 18:28:42-07:00,10.872626602649689,78.99227321147919,11.70377,-20.0,-20.0,24.876,24.876,171,27,,
2021-07-11 18:28:43-07:00,10.87261788547039,78.99221956729889,11.71077,-20.0,-20.0,25.344,25.344,171,27,,
2021-07-11 18:28:44-07:00,10.872595757246017,78.9921498298645,11.71783,-20.0,-20.0,25.344,25.344,171,27,,
2021-07-11 18:28:45-07:00,10.87257295846939,78.99209082126617,11.72509,-20.0,-20.0,25.668,25.668,170,27,82,
2021-07-11 18:28:46-07:00,10.872550159692764,78.99203717708588,11.73213,-20.0,-20.0,25.164,25.164,170,27,82,
2021-07-11 18:28:47-07:00,10.872528031468391,78.99196743965149,11.73917,-20.0,-20.0,23.94,23.94,170,27,81,
2021-07-11 18:28:48-07:00,10.872517973184586,78.99191379547119,11.74532,-20.0,-20.0,23.471999999999998,23.471999999999998,170,27,81,
2021-07-11 18:28:49-07:00,10.872503221035004,78.9918601512909,11.75197,-20.0,-20.0,24.444,24.444,169,27,80,
2021-07-11 18:28:50-07:00,10.872481763362885,78.9917904138565,11.75917,-20.0,-20.0,25.524,25.524,169,27,80,
2021-07-11 18:28:51-07:00,10.872463658452034,78.99173140525818,11.766399999999999,-20.0,-20.0,26.172,26.172,169,27,81,
2021-07-11 18:28:52-07:00,10.872452929615974,78.99166166782379,11.77344,-20.0,-20.0,26.532,26.532,169,27,81,
2021-07-11 18:28:53-07:00,10.872440859675407,78.99160265922546,11.78075,-20.0,-20.0,26.352,26.352,168,27,82,
2021-07-11 18:28:54-07:00,10.872414708137512,78.9915382862091,11.78851,-20.0,-20.0,26.784000000000002,26.784000000000002,168,27,83,
2021-07-11 18:28:55-07:00,10.872400626540184,78.99147391319275,11.795860000000001,-20.0,-20.0,27.324,27.324,168,27,84,
2021-07-11 18:28:56-07:00,10.872378498315811,78.99140954017639,11.80319,-20.0,-20.0,27.036,27.036,168,27,85,
2021-07-11 18:28:57-07:00,10.872365087270737,78.99134516716003,11.81053,-20.0,-20.0,27.396,27.396,169,27,86,
2021-07-11 18:28:58-07:00,10.872350335121155,78.99127542972565,11.81825,-20.0,-20.0,27.36,27.36,169,27,86,
2021-07-11 18:28:59-07:00,10.872340276837349,78.99120569229126,11.825790000000001,-20.0,-20.0,27.684,27.684,168,27,86,
2021-07-11 18:29:00-07:00,10.87232619524002,78.99113059043884,11.8339,-20.0,-20.0,27.791999999999998,27.791999999999998,168,27,,
2021-07-11 18:29:01-07:00,10.872312784194946,78.99106621742249,11.84158,-20.0,-20.0,27.215999999999998,27.215999999999998,168,27,,
2021-07-11 18:29:02-07:00,10.872301384806633,78.99099111557007,11.849459999999999,-20.0,-20.0,28.152,28.152,168,27,,
2021-07-11 18:29:03-07:00,10.872290655970573,78.99091601371765,11.857700000000001,-20.0,-20.0,28.44,28.44,167,27,,
2021-07-11 18:29:04-07:00,10.872280597686768,78.99084091186523,11.86563,-20.0,-20.0,27.288,27.288,168,27,,
2021-07-11 18:29:05-07:00,10.872265174984932,78.99077653884888,11.873479999999999,-20.0,-20.0,27.468,27.468,168,27,,
2021-07-11 18:29:06-07:00,10.872253775596619,78.99070143699646,11.882040000000002,-20.0,-20.0,28.224,28.224,168,27,,
2021-07-11 18:29:07-07:00,10.872243046760559,78.99061560630798,11.89058,-20.0,-20.0,28.692,28.692,168,27,,
2021-07-11 18:29:08-07:00,10.872236341238022,78.99055123329163,11.89926,-20.0,-20.0,29.016000000000002,29.016000000000002,169,27,,
2021-07-11 18:29:09-07:00,10.872229635715485,78.99046540260315,11.907530000000001,-20.0,-20.0,28.332,28.332,169,27,,
2021-07-11 18:29:10-07:00,10.872226282954216,78.99039566516876,11.915239999999999,-20.0,-20.0,27.215999999999998,27.215999999999998,169,27,,
2021-07-11 18:29:11-07:00,10.872226282954216,78.99032592773438,11.92261,-20.0,-20.0,27.215999999999998,27.215999999999998,170,27,,
2021-07-11 18:29:12-07:00,10.872227624058723,78.99026155471802,11.93015,-20.0,-20.0,26.892,26.892,170,27,,
2021-07-11 18:29:13-07:00,10.872241035103798,78.99019181728363,11.93736,-20.0,-20.0,26.64,26.64,169,27,,
2021-07-11 18:29:14-07:00,10.872258469462395,78.99012744426727,11.945,-20.0,-20.0,26.532,26.532,171,27,,
2021-07-11 18:29:15-07:00,10.87227389216423,78.99006843566895,11.95233,-20.0,-20.0,26.316,26.316,171,27,,
2021-07-11 18:29:16-07:00,10.872294008731842,78.98999333381653,11.96002,-20.0,-20.0,27.648,27.648,171,27,,
2021-07-11 18:29:17-07:00,10.872310101985931,78.98991823196411,11.9686,-20.0,-20.0,27.900000000000002,27.900000000000002,171,27,123,
2021-07-11 18:29:18-07:00,10.872312784194946,78.98983776569366,11.976790000000001,-20.0,-20.0,27.791999999999998,27.791999999999998,171,27,82,
2021-07-11 18:29:19-07:00,10.872310772538185,78.98977339267731,11.9849,-20.0,-20.0,28.476000000000003,28.476000000000003,171,27,84,
2021-07-11 18:29:20-07:00,10.872312784194946,78.98968756198883,11.99306,-20.0,-20.0,27.720000000000002,27.720000000000002,171,27,88,
2021-07-11 18:29:21-07:00,10.87230809032917,78.98961782455444,12.000950000000001,-20.0,-20.0,27.612000000000002,27.612000000000002,171,27,88,
2021-07-11 18:29:22-07:00,10.872305408120155,78.98954808712006,12.00887,-20.0,-20.0,28.008000000000003,28.008000000000003,171,27,85,
2021-07-11 18:29:23-07:00,10.872294008731842,78.98947834968567,12.01645,-20.0,-20.0,27.612000000000002,27.612000000000002,171,27,85,
2021-07-11 18:29:24-07:00,10.872280597686768,78.98941397666931,12.024059999999999,-20.0,-20.0,27.684,27.684,171,27,85,
2021-07-11 18:29:25-07:00,10.872269868850708,78.98934423923492,12.031709999999999,-20.0,-20.0,27.684,27.684,172,27,,
2021-07-11 18:29:26-07:00,10.872256457805634,78.98927450180054,12.03947,-20.0,-20.0,28.332,28.332,172,27,,
2021-07-11 18:29:27-07:00,10.872245728969574,78.98919939994812,12.04763,-20.0,-20.0,28.692,28.692,172,27,,
2021-07-11 18:29:28-07:00,10.872230976819992,78.9891242980957,12.05587,-20.0,-20.0,29.052000000000003,29.052000000000003,172,27,,
2021-07-11 18:29:29-07:00,10.87221622467041,78.98904383182526,12.06439,-20.0,-20.0,28.692,28.692,171,27,,
2021-07-11 18:29:30-07:00,10.872193425893784,78.9889794588089,12.072799999999999,-20.0,-20.0,27.720000000000002,27.720000000000002,171,27,,
2021-07-11 18:29:31-07:00,10.872193425893784,78.98890972137451,12.08061,-20.0,-20.0,27.324,27.324,171,27,,
2021-07-11 18:29:32-07:00,10.872186049818993,78.9888346195221,12.08829,-20.0,-20.0,27.324,27.324,171,27,,
2021-07-11 18:29:33-07:00,10.872171968221664,78.98877024650574,12.09585,-20.0,-20.0,26.784000000000002,26.784000000000002,171,27,,
2021-07-11 18:29:34-07:00,10.872151851654053,78.98869514465332,12.10381,-20.0,-20.0,25.956,25.956,171,27,,
2021-07-11 18:29:35-07:00,10.872141122817993,78.98862540721893,12.111270000000001,-20.0,-20.0,26.316,26.316,170,27,,
2021-07-11 18:29:36-07:00,10.872127711772919,78.9885663986206,12.11901,-20.0,-20.0,25.416,25.416,170,27,,
2021-07-11 18:29:37-07:00,10.872115641832352,78.98849666118622,12.12627,-20.0,-20.0,24.768,24.768,170,27,,
2021-07-11 18:29:38-07:00,10.872102901339531,78.98842692375183,12.13373,-20.0,-20.0,25.632,25.632,170,27,,
2021-07-11 18:29:39-07:00,10.872088819742203,78.98835718631744,12.14109,-20.0,-20.0,25.488,25.488,169,27,,
2021-07-11 18:29:40-07:00,10.872080773115158,78.98829817771912,12.148219999999998,-20.0,-20.0,25.308,25.308,170,27,,
2021-07-11 18:29:41-07:00,10.872073397040367,78.98823916912079,12.15517,-20.0,-20.0,25.344,25.344,169,27,,
2021-07-11 18:29:42-07:00,10.872070714831352,78.9881694316864,12.16208,-20.0,-20.0,25.488,25.488,169,27,,
2021-07-11 18:29:43-07:00,10.872062668204308,78.98809969425201,12.169690000000001,-20.0,-20.0,26.604,26.604,169,27,,
2021-07-11 18:29:44-07:00,10.87205596268177,78.98802995681763,12.177520000000001,-20.0,-20.0,26.892,26.892,169,27,,
2021-07-11 18:29:45-07:00,10.872044563293457,78.98796021938324,12.18511,-20.0,-20.0,26.748,26.748,168,27,,
2021-07-11 18:29:46-07:00,10.87203785777092,78.98788511753082,12.19308,-20.0,-20.0,27.324,27.324,168,27,,
2021-07-11 18:29:47-07:00,10.872033163905144,78.98781538009644,12.20084,-20.0,-20.0,27.144000000000002,27.144000000000002,168,27,,
2021-07-11 18:29:48-07:00,10.872025117278099,78.98775100708008,12.208260000000001,-20.0,-20.0,26.82,26.82,168,27,,
2021-07-11 18:29:49-07:00,10.87201975286007,78.98768126964569,12.21569,-20.0,-20.0,26.676000000000002,26.676000000000002,167,27,,
2021-07-11 18:29:50-07:00,10.872025117278099,78.98761689662933,12.22299,-20.0,-20.0,26.28,26.28,167,27,,
2021-07-11 18:29:51-07:00,10.872030481696129,78.98755252361298,12.229959999999998,-20.0,-20.0,26.532,26.532,168,27,,
2021-07-11 18:29:52-07:00,10.872026458382607,78.98748278617859,12.23732,-20.0,-20.0,27.036,27.036,167,27,,
2021-07-11 18:29:53-07:00,10.872026458382607,78.98741841316223,12.244729999999999,-20.0,-20.0,27.215999999999998,27.215999999999998,168,27,,
2021-07-11 18:29:54-07:00,10.872023105621338,78.98734331130981,12.25228,-20.0,-20.0,27.036,27.036,168,27,,
2021-07-11 18:29:55-07:00,10.872021093964577,78.98728430271149,12.25958,-20.0,-20.0,26.928,26.928,168,27,,
2021-07-11 18:29:56-07:00,10.872021093964577,78.98720920085907,12.26723,-20.0,-20.0,27.648,27.648,168,27,,
2021-07-11 18:29:57-07:00,10.872021093964577,78.98713946342468,12.27493,-20.0,-20.0,27.612000000000002,27.612000000000002,168,27,,
2021-07-11 18:29:58-07:00,10.872023105621338,78.98707509040833,12.282620000000001,-20.0,-20.0,25.272,25.272,168,27,,
2021-07-11 18:29:59-07:00,10.872018411755562,78.98701071739197,12.28961,-20.0,-20.0,25.56,25.56,168,27,,
2021-07-11 18:30:00-07:00,10.872011706233025,78.98693025112152,12.29774,-20.0,-20.0,27.540000000000003,27.540000000000003,168,27,,
2021-07-11 18:30:01-07:00,10.872011706233025,78.9868551492691,12.30579,-20.0,-20.0,28.08,28.08,168,27,,
2021-07-11 18:30:02-07:00,10.872007012367249,78.98678004741669,12.31451,-20.0,-20.0,28.512,28.512,169,27,,
2021-07-11 18:30:03-07:00,10.872002989053726,78.98670494556427,12.322899999999999,-20.0,-20.0,28.368,28.368,169,27,,
2021-07-11 18:30:04-07:00,10.871990248560905,78.98662984371185,12.33117,-20.0,-20.0,28.152,28.152,169,27,,
2021-07-11 18:30:05-07:00,10.871980860829353,78.9865493774414,12.33907,-20.0,-20.0,27.864,27.864,170,27,,
2021-07-11 18:30:06-07:00,10.871976166963577,78.98649036884308,12.34683,-20.0,-20.0,27.0,27.0,170,27,,
2021-07-11 18:30:07-07:00,10.871973484754562,78.98642063140869,12.35456,-20.0,-20.0,26.964000000000002,26.964000000000002,171,27,,
2021-07-11 18:30:08-07:00,10.871971473097801,78.98634016513824,12.3627,-20.0,-20.0,27.756,27.756,171,27,,
2021-07-11 18:30:09-07:00,10.871956050395966,78.98627042770386,12.37074,-20.0,-20.0,27.648,27.648,171,27,,
2021-07-11 18:30:10-07:00,10.871945321559906,78.98619532585144,12.37883,-20.0,-20.0,27.900000000000002,27.900000000000002,171,27,,
2021-07-11 18:30:11-07:00,10.871937945485115,78.98612558841705,12.386790000000001,-20.0,-20.0,28.872,28.872,171,27,,
2021-07-11 18:30:12-07:00,10.871928557753563,78.9860451221466,12.395190000000001,-20.0,-20.0,29.376,29.376,172,27,,
2021-07-11 18:30:13-07:00,10.871917828917503,78.98597002029419,12.4035,-20.0,-20.0,29.232,29.232,172,27,,
2021-07-11 18:30:14-07:00,10.871915817260742,78.98589491844177,12.41181,-20.0,-20.0,29.195999999999998,29.195999999999998,172,27,,
2021-07-11 18:30:15-07:00,10.871913135051727,78.98581981658936,12.42012,-20.0,-20.0,29.268000000000004,29.268000000000004,172,27,,
2021-07-11 18:30:16-07:00,10.871895030140877,78.98574471473694,12.428790000000001,-20.0,-20.0,29.448,29.448,172,27,,
2021-07-11 18:30:17-07:00,10.871874913573265,78.98566424846649,12.43709,-20.0,-20.0,29.880000000000003,29.880000000000003,172,27,,
2021-07-11 18:30:18-07:00,10.87186150252819,78.98558378219604,12.44558,-20.0,-20.0,30.096,30.096,172,27,,
2021-07-11 18:30:19-07:00,10.871846750378609,78.98551404476166,12.45398,-20.0,-20.0,29.628000000000004,29.628000000000004,172,27,,
2021-07-11 18:30:20-07:00,10.871835350990295,78.98544430732727,12.46204,-20.0,-20.0,28.872,28.872,172,27,,
2021-07-11 18:30:21-07:00,10.871821939945221,78.9853584766388,12.47022,-20.0,-20.0,28.296000000000003,28.296000000000003,172,27,,
2021-07-11 18:30:22-07:00,10.871808528900146,78.98529946804047,12.47809,-20.0,-20.0,26.352,26.352,172,27,,
2021-07-11 18:30:23-07:00,10.87180182337761,78.98522973060608,12.48512,-20.0,-20.0,25.164,25.164,171,27,,
2021-07-11 18:30:24-07:00,10.871783718466759,78.98516535758972,12.49256,-20.0,-20.0,26.1,26.1,171,27,,
2021-07-11 18:30:25-07:00,10.871770977973938,78.98510098457336,12.50001,-20.0,-20.0,26.136,26.136,171,27,,
2021-07-11 18:30:26-07:00,10.871758908033371,78.98503124713898,12.50708,-20.0,-20.0,26.208000000000002,26.208000000000002,171,27,,
2021-07-11 18:30:27-07:00,10.871736109256744,78.98497223854065,12.51467,-20.0,-20.0,27.036,27.036,171,27,,
2021-07-11 18:30:28-07:00,10.871721357107162,78.98489713668823,12.52248,-20.0,-20.0,27.36,27.36,171,27,88,
2021-07-11 18:30:29-07:00,10.87170124053955,78.98482739925385,12.530479999999999,-20.0,-20.0,27.540000000000003,27.540000000000003,171,27,89,
2021-07-11 18:30:30-07:00,10.871680453419685,78.98475229740143,12.53856,-20.0,-20.0,27.648,27.648,171,27,88,
2021-07-11 18:30:31-07:00,10.871661677956581,78.98468792438507,12.54611,-20.0,-20.0,27.720000000000002,27.720000000000002,170,27,88,
2021-07-11 18:30:32-07:00,10.871636867523193,78.98462891578674,12.55398,-20.0,-20.0,27.684,27.684,171,27,88,
2021-07-11 18:30:33-07:00,10.871616750955582,78.98455381393433,12.561819999999999,-20.0,-20.0,26.424,26.424,171,27,87,
2021-07-11 18:30:34-07:00,10.871593952178955,78.98448944091797,12.56915,-20.0,-20.0,26.136,26.136,171,27,88,
2021-07-11 18:30:35-07:00,10.87157852947712,78.98442506790161,12.57628,-20.0,-20.0,26.928,26.928,171,27,88,
2021-07-11 18:30:36-07:00,10.871558412909508,78.98436069488525,12.58389,-20.0,-20.0,26.604,26.604,171,27,88,
2021-07-11 18:30:37-07:00,10.871529579162598,78.98430168628693,12.59159,-20.0,-20.0,26.676000000000002,26.676000000000002,171,27,88,
2021-07-11 18:30:38-07:00,10.871506109833717,78.98423194885254,12.59906,-20.0,-20.0,27.072,27.072,171,27,87,
2021-07-11 18:30:39-07:00,10.871485993266106,78.98416221141815,12.60684,-20.0,-20.0,26.388,26.388,171,27,87,
2021-07-11 18:30:40-07:00,10.871475264430046,78.98409247398376,12.61444,-20.0,-20.0,26.172,26.172,171,27,86,
2021-07-11 18:30:41-07:00,10.871456488966942,78.98403346538544,12.62204,-20.0,-20.0,26.46,26.46,171,27,85,
2021-07-11 18:30:42-07:00,10.871443077921867,78.98396372795105,12.62938,-20.0,-20.0,26.532,26.532,171,27,86,
2021-07-11 18:30:43-07:00,10.871424973011017,78.98389399051666,12.636940000000001,-20.0,-20.0,26.964000000000002,26.964000000000002,171,27,86,
2021-07-11 18:30:44-07:00,10.871404856443405,78.9838296175003,12.64469,-20.0,-20.0,28.259999999999998,28.259999999999998,171,27,86,
2021-07-11 18:30:45-07:00,10.871388763189316,78.98374915122986,12.65285,-20.0,-20.0,29.195999999999998,29.195999999999998,171,27,86,
2021-07-11 18:30:46-07:00,10.871381387114525,78.9836847782135,12.66109,-20.0,-20.0,28.728,28.728,170,27,,
2021-07-11 18:30:47-07:00,10.871370658278465,78.98360431194305,12.66915,-20.0,-20.0,28.259999999999998,28.259999999999998,170,27,,
2021-07-11 18:30:48-07:00,10.871363282203674,78.9835399389267,12.677040000000002,-20.0,-20.0,28.332,28.332,170,27,,
2021-07-11 18:30:49-07:00,10.871357917785645,78.98347020149231,12.68485,-20.0,-20.0,28.044,28.044,170,27,,
2021-07-11 18:30:50-07:00,10.871346518397331,78.98339509963989,12.69284,-20.0,-20.0,27.791999999999998,27.791999999999998,169,27,,
2021-07-11 18:30:51-07:00,10.871339812874794,78.9833253622055,12.70033,-20.0,-20.0,27.18,27.18,169,27,,
2021-07-11 18:30:52-07:00,10.871335119009018,78.98325562477112,12.70764,-20.0,-20.0,25.488,25.488,168,27,,
2021-07-11 18:30:53-07:00,10.87132640182972,78.98320198059082,12.71435,-20.0,-20.0,24.696,24.696,168,27,,
2021-07-11 18:30:54-07:00,10.871311649680138,78.98314297199249,12.72145,-20.0,-20.0,24.804,24.804,167,27,,
2021-07-11 18:30:55-07:00,10.871313661336899,78.9830732345581,12.72797,-20.0,-20.0,23.652,23.652,167,27,,
2021-07-11 18:30:56-07:00,10.871306955814362,78.98301959037781,12.73425,-20.0,-20.0,21.924,21.924,166,27,,
2021-07-11 18:30:57-07:00,10.87130293250084,78.98296594619751,12.74021,-20.0,-20.0,21.6,21.6,166,27,,
2021-07-11 18:30:58-07:00,10.871300920844078,78.98290693759918,12.74659,-20.0,-20.0,21.816,21.816,166,27,,
2021-07-11 18:30:59-07:00,10.871300920844078,78.98284256458282,12.753129999999999,-20.0,-20.0,21.42,21.42,166,27,,
2021-07-11 18:31:00-07:00,10.871298238635063,78.9827835559845,12.759229999999999,-20.0,-20.0,21.528000000000002,21.528000000000002,167,27,,
2021-07-11 18:31:01-07:00,10.871291533112526,78.9827299118042,12.76601,-20.0,-20.0,21.240000000000002,21.240000000000002,166,27,,
2021-07-11 18:31:02-07:00,10.871280133724213,78.98266553878784,12.77265,-20.0,-20.0,20.916,20.916,166,27,,
2021-07-11 18:31:03-07:00,10.871273428201675,78.98260653018951,12.77899,-20.0,-20.0,21.42,21.42,166,27,,
2021-07-11 18:31:04-07:00,10.871260017156601,78.98255288600922,12.78524,-20.0,-20.0,21.168,21.168,166,27,,
2021-07-11 18:31:05-07:00,10.87123990058899,78.98249924182892,12.79144,-20.0,-20.0,22.104,22.104,166,27,,
2021-07-11 18:31:06-07:00,10.8712238073349,78.98244023323059,12.798110000000001,-20.0,-20.0,22.356,22.356,166,27,,
2021-07-11 18:31:07-07:00,10.871215760707855,78.9823865890503,12.804350000000001,-20.0,-20.0,21.744,21.744,167,27,,
2021-07-11 18:31:08-07:00,10.87121106684208,78.98233294487,12.81025,-20.0,-20.0,21.78,21.78,166,27,,
2021-07-11 18:31:09-07:00,10.871210396289825,78.98226857185364,12.81625,-20.0,-20.0,21.672,21.672,166,27,,
2021-07-11 18:31:10-07:00,10.87120570242405,78.9822256565094,12.82229,-20.0,-20.0,22.572,22.572,166,27,,
2021-07-11 18:31:11-07:00,10.871197655797005,78.98216664791107,12.82857,-20.0,-20.0,23.436,23.436,165,27,,
2021-07-11 18:31:12-07:00,10.871188268065453,78.98210227489471,12.835180000000001,-20.0,-20.0,23.868,23.868,165,27,,
2021-07-11 18:31:13-07:00,10.871186256408691,78.98204326629639,12.84198,-20.0,-20.0,23.904,23.904,164,27,,
2021-07-11 18:31:14-07:00,10.87117150425911,78.98198962211609,12.84885,-20.0,-20.0,23.94,23.94,164,27,,
2021-07-11 18:31:15-07:00,10.871160104870796,78.9819198846817,12.855870000000001,-20.0,-20.0,24.012,24.012,163,27,,
2021-07-11 18:31:16-07:00,10.871145352721214,78.98186087608337,12.86259,-20.0,-20.0,24.552000000000003,24.552000000000003,163,27,,
2021-07-11 18:31:17-07:00,10.871129930019379,78.98179113864899,12.86978,-20.0,-20.0,25.668,25.668,163,27,,
2021-07-11 18:31:18-07:00,10.871113166213036,78.98173213005066,12.87701,-20.0,-20.0,26.028000000000002,26.028000000000002,163,27,,
2021-07-11 18:31:19-07:00,10.871095731854439,78.9816677570343,12.88426,-20.0,-20.0,25.956,25.956,163,27,,
2021-07-11 18:31:20-07:00,10.87108165025711,78.98159801959991,12.89143,-20.0,-20.0,25.488,25.488,164,27,84,
2021-07-11 18:31:21-07:00,10.87105080485344,78.98154437541962,12.89857,-20.0,-20.0,25.308,25.308,164,27,83,
2021-07-11 18:31:22-07:00,10.871036052703857,78.98148536682129,12.90567,-20.0,-20.0,25.2,25.2,164,27,82,
2021-07-11 18:31:23-07:00,10.87101861834526,78.9814156293869,12.91323,-20.0,-20.0,25.308,25.308,164,27,84,
2021-07-11 18:31:24-07:00,10.870998501777649,78.98135662078857,12.920440000000001,-20.0,-20.0,26.28,26.28,165,27,85,
2021-07-11 18:31:25-07:00,10.87097704410553,78.98128688335419,12.92806,-20.0,-20.0,26.604,26.604,165,27,88,
2021-07-11 18:31:26-07:00,10.870958268642426,78.9812171459198,12.93566,-20.0,-20.0,27.072,27.072,165,27,88,
2021-07-11 18:31:27-07:00,10.870936810970306,78.98115813732147,12.94375,-20.0,-20.0,27.36,27.36,166,27,88,
2021-07-11 18:31:28-07:00,10.870912671089172,78.98108303546906,12.95167,-20.0,-20.0,28.044,28.044,166,27,89,
2021-07-11 18:31:29-07:00,10.870880484580994,78.98101329803467,12.95988,-20.0,-20.0,29.556000000000004,29.556000000000004,167,27,91,
2021-07-11 18:31:30-07:00,10.870849639177322,78.98092746734619,12.96859,-20.0,-20.0,29.376,29.376,166,27,92,
2021-07-11 18:31:31-07:00,10.870824828743935,78.9808577299118,12.97725,-20.0,-20.0,28.980000000000004,28.980000000000004,168,27,92,
2021-07-11 18:31:32-07:00,10.870803371071815,78.98078262805939,12.98578,-20.0,-20.0,28.907999999999998,28.907999999999998,168,27,92,
2021-07-11 18:31:33-07:00,10.870791971683502,78.98070752620697,12.99393,-20.0,-20.0,29.340000000000003,29.340000000000003,168,27,94,
2021-07-11 18:31:34-07:00,10.870785266160965,78.9806216955185,13.00235,-20.0,-20.0,29.736,29.736,169,27,94,
2021-07-11 18:31:35-07:00,10.87077520787716,78.9805519580841,13.01059,-20.0,-20.0,29.52,29.52,169,27,94,
2021-07-11 18:31:36-07:00,10.870763137936592,78.98047685623169,13.01866,-20.0,-20.0,29.556000000000004,29.556000000000004,169,27,,
2021-07-11 18:31:37-07:00,10.87075375020504,78.98040175437927,13.02713,-20.0,-20.0,29.736,29.736,169,27,,
2021-07-11 18:31:38-07:00,10.870750397443771,78.98033201694489,13.035020000000001,-20.0,-20.0,29.376,29.376,169,27,,
2021-07-11 18:31:39-07:00,10.870736315846443,78.98025691509247,13.042959999999999,-20.0,-20.0,30.096,30.096,169,27,,
2021-07-11 18:31:40-07:00,10.87072491645813,78.98018181324005,13.05161,-20.0,-20.0,30.492000000000004,30.492000000000004,170,27,114,
2021-07-11 18:31:41-07:00,10.87070882320404,78.98010671138763,13.05985,-20.0,-20.0,29.52,29.52,170,27,95,
2021-07-11 18:31:42-07:00,10.870682671666145,78.98003697395325,13.06826,-20.0,-20.0,29.664,29.664,170,27,100,
2021-07-11 18:31:43-07:00,10.870655179023743,78.97995114326477,13.07675,-20.0,-20.0,30.564,30.564,170,27,97,
2021-07-11 18:31:44-07:00,10.870628356933594,78.97987604141235,13.0852,-20.0,-20.0,30.419999999999998,30.419999999999998,170,27,96,
2021-07-11 18:31:45-07:00,10.870605558156967,78.97980093955994,13.09396,-20.0,-20.0,29.088,29.088,170,27,98,
2021-07-11 18:31:46-07:00,10.87058275938034,78.97973120212555,13.10189,-20.0,-20.0,29.052000000000003,29.052000000000003,170,27,98,
2021-07-11 18:31:47-07:00,10.870557948946953,78.97967219352722,13.11001,-20.0,-20.0,27.900000000000002,27.900000000000002,170,27,98,
2021-07-11 18:31:48-07:00,10.870533138513565,78.97960245609283,13.11742,-20.0,-20.0,24.804,24.804,170,27,97,
2021-07-11 18:31:49-07:00,10.87051771581173,78.97953808307648,13.12425,-20.0,-20.0,22.14,22.14,170,27,97,
2021-07-11 18:31:50-07:00,10.870508328080177,78.97948443889618,13.13023,-20.0,-20.0,20.808,20.808,170,27,58,
2021-07-11 18:31:51-07:00,10.870488211512566,78.97943079471588,13.13616,-20.0,-20.0,21.636,21.636,170,27,55,
2021-07-11 18:31:52-07:00,10.870465412735939,78.97938787937164,13.14241,-20.0,-20.0,22.788,22.788,170,27,52,
2021-07-11 18:31:53-07:00,10.870439931750298,78.97931814193726,13.14952,-20.0,-20.0,23.724,23.724,170,27,50,
2021-07-11 18:31:54-07:00,10.870415791869164,78.97926449775696,13.15674,-20.0,-20.0,24.3,24.3,170,27,73,
2021-07-11 18:31:55-07:00,10.870395004749298,78.97920548915863,13.16384,-20.0,-20.0,24.552000000000003,24.552000000000003,169,27,73,
2021-07-11 18:31:56-07:00,10.870377570390701,78.97913575172424,13.17081,-20.0,-20.0,24.588,24.588,169,27,78,
2021-07-11 18:31:57-07:00,10.870361477136612,78.97908210754395,13.177100000000001,-20.0,-20.0,23.976000000000003,23.976000000000003,168,27,78,
2021-07-11 18:31:58-07:00,10.870346054434776,78.97902846336365,13.18351,-20.0,-20.0,24.264000000000003,24.264000000000003,168,27,80,
2021-07-11 18:31:59-07:00,10.870334655046463,78.97895872592926,13.1905,-20.0,-20.0,24.804,24.804,168,27,78,
2021-07-11 18:32:00-07:00,10.870331302285194,78.97890508174896,13.19727,-20.0,-20.0,24.876,24.876,168,27,78,
2021-07-11 18:32:01-07:00,10.870331302285194,78.97882997989655,13.20463,-20.0,-20.0,25.236,25.236,167,27,78,
2021-07-11 18:32:02-07:00,10.87032325565815,78.97877097129822,13.21185,-20.0,-20.0,25.992,25.992,167,27,,
2021-07-11 18:32:03-07:00,10.870309844613075,78.97870659828186,13.219370000000001,-20.0,-20.0,26.676000000000002,26.676000000000002,166,27,,
2021-07-11 18:32:04-07:00,10.870290398597717,78.97863149642944,13.2271,-20.0,-20.0,27.540000000000003,27.540000000000003,166,27,,
2021-07-11 18:32:05-07:00,10.87027296423912,78.97857248783112,13.23489,-20.0,-20.0,28.62,28.62,166,27,,
2021-07-11 18:32:06-07:00,10.870261564850807,78.97848665714264,13.24327,-20.0,-20.0,28.872,28.872,166,27,,
2021-07-11 18:32:07-07:00,10.870246142148972,78.97841155529022,13.25114,-20.0,-20.0,28.332,28.332,166,27,,
2021-07-11 18:32:08-07:00,10.870230719447136,78.9783364534378,13.259559999999999,-20.0,-20.0,27.864,27.864,166,27,,
2021-07-11 18:32:09-07:00,10.870215967297554,78.97826671600342,13.26732,-20.0,-20.0,27.648,27.648,166,27,,
2021-07-11 18:32:10-07:00,10.870189815759659,78.97819697856903,13.27537,-20.0,-20.0,26.784000000000002,26.784000000000002,167,27,106,
2021-07-11 18:32:11-07:00,10.870167687535286,78.97812724113464,13.28303,-20.0,-20.0,26.928,26.928,168,27,88,
2021-07-11 18:32:12-07:00,10.870142877101898,78.97805750370026,13.291409999999999,-20.0,-20.0,27.828000000000003,27.828000000000003,168,27,87,
2021-07-11 18:32:13-07:00,10.870120078325272,78.97798240184784,13.29974,-20.0,-20.0,28.116,28.116,168,27,91,
2021-07-11 18:32:14-07:00,10.870095267891884,78.97791266441345,13.30786,-20.0,-20.0,29.412,29.412,169,27,88,
2021-07-11 18:32:15-07:00,10.870063081383705,78.97783756256104,13.3158,-20.0,-20.0,28.584000000000003,28.584000000000003,169,27,89,
2021-07-11 18:32:16-07:00,10.870033577084541,78.97777855396271,13.323360000000001,-20.0,-20.0,26.604,26.604,170,27,90,
2021-07-11 18:32:17-07:00,10.870001390576363,78.97772490978241,13.3308,-20.0,-20.0,26.244,26.244,170,27,88,
2021-07-11 18:32:18-07:00,10.869979932904243,78.97765517234802,13.33789,-20.0,-20.0,26.604,26.604,171,27,89,
2021-07-11 18:32:19-07:00,10.869953110814095,78.97760152816772,13.34486,-20.0,-20.0,27.576,27.576,171,27,91,
2021-07-11 18:32:20-07:00,10.86991623044014,78.9775425195694,13.35312,-20.0,-20.0,27.756,27.756,171,27,92,
2021-07-11 18:32:21-07:00,10.869885385036469,78.97746205329895,13.36152,-20.0,-20.0,26.568,26.568,172,27,93,
2021-07-11 18:32:22-07:00,10.869861245155334,78.97741377353668,13.368469999999999,-20.0,-20.0,26.532,26.532,171,27,93,
2021-07-11 18:32:23-07:00,10.869823694229126,78.97733330726624,13.3769,-20.0,-20.0,28.656,28.656,171,27,94,
2021-07-11 18:32:24-07:00,10.869791507720947,78.97726893424988,13.384879999999999,-20.0,-20.0,28.728,28.728,171,27,94,
2021-07-11 18:32:25-07:00,10.869771391153336,78.9771831035614,13.393360000000001,-20.0,-20.0,27.072,27.072,171,27,95,
2021-07-11 18:32:26-07:00,10.869748592376709,78.97711336612701,13.40172,-20.0,-20.0,26.748,26.748,171,27,95,
2021-07-11 18:32:27-07:00,10.869726464152336,78.97704362869263,13.41,-20.0,-20.0,27.36,27.36,172,27,95,
2021-07-11 18:32:28-07:00,10.869706347584724,78.97696852684021,13.41814,-20.0,-20.0,28.152,28.152,172,27,93,
2021-07-11 18:32:29-07:00,10.869690254330635,78.97689878940582,13.42614,-20.0,-20.0,28.8,28.8,172,27,92,
2021-07-11 18:32:30-07:00,10.869681537151337,78.97682905197144,13.433959999999999,-20.0,-20.0,28.476000000000003,28.476000000000003,171,27,92,
2021-07-11 18:32:31-07:00,10.869672819972038,78.97675395011902,13.441840000000001,-20.0,-20.0,28.044,28.044,171,27,92,
2021-07-11 18:32:32-07:00,10.869661420583725,78.97668421268463,13.44972,-20.0,-20.0,27.936,27.936,172,27,,
2021-07-11 18:32:33-07:00,10.86964800953865,78.97661983966827,13.457600000000001,-20.0,-20.0,28.008000000000003,28.008000000000003,171,27,,
2021-07-11 18:32:34-07:00,10.869633257389069,78.97655010223389,13.46575,-20.0,-20.0,28.332,28.332,171,27,,
2021-07-11 18:32:35-07:00,10.869626551866531,78.97647500038147,13.47366,-20.0,-20.0,28.296000000000003,28.296000000000003,172,27,,
2021-07-11 18:32:36-07:00,10.869625210762024,78.97640526294708,13.48135,-20.0,-20.0,28.044,28.044,172,27,,
2021-07-11 18:32:37-07:00,10.869621858000755,78.97633016109467,13.48902,-20.0,-20.0,28.259999999999998,28.259999999999998,172,27,,
2021-07-11 18:32:38-07:00,10.869621858000755,78.97626042366028,13.49709,-20.0,-20.0,28.8,28.8,172,27,,
2021-07-11 18:32:39-07:00,10.869615823030472,78.97618532180786,13.50521,-20.0,-20.0,29.16,29.16,173,27,,
2021-07-11 18:32:40-07:00,10.869615152478218,78.97610485553741,13.5133,-20.0,-20.0,28.907999999999998,28.907999999999998,173,27,,
2021-07-11 18:32:41-07:00,10.869609788060188,78.976029753685,13.521139999999999,-20.0,-20.0,28.116,28.116,173,27,,
2021-07-11 18:32:42-07:00,10.869601741433144,78.97597074508667,13.528870000000001,-20.0,-20.0,28.044,28.044,173,27,,
2021-07-11 18:32:43-07:00,10.869600400328636,78.97590100765228,13.53669,-20.0,-20.0,28.980000000000004,28.980000000000004,173,27,,
2021-07-11 18:32:44-07:00,10.869603753089905,78.9758151769638,13.54508,-20.0,-20.0,28.512,28.512,173,27,,
2021-07-11 18:32:45-07:00,10.869595035910606,78.97574543952942,13.552790000000002,-20.0,-20.0,27.108,27.108,173,27,,
2021-07-11 18:32:46-07:00,10.869595035910606,78.97568106651306,13.560270000000001,-20.0,-20.0,27.503999999999998,27.503999999999998,173,27,,
2021-07-11 18:32:47-07:00,10.869598388671875,78.97561132907867,13.56811,-20.0,-20.0,26.856,26.856,174,27,,
2021-07-11 18:32:48-07:00,10.869598388671875,78.97555232048035,13.575299999999999,-20.0,-20.0,26.928,26.928,174,27,,
2021-07-11 18:32:49-07:00,10.869583636522293,78.97546648979187,13.58369,-20.0,-20.0,28.476000000000003,28.476000000000003,174,27,,
2021-07-11 18:32:50-07:00,10.869566202163696,78.97539675235748,13.591809999999999,-20.0,-20.0,28.656,28.656,174,27,,
2021-07-11 18:32:51-07:00,10.86955077946186,78.97532165050507,13.599870000000001,-20.0,-20.0,28.907999999999998,28.907999999999998,174,27,,
2021-07-11 18:32:52-07:00,10.869538709521294,78.97525191307068,13.607899999999999,-20.0,-20.0,28.872,28.872,174,27,,
2021-07-11 18:32:53-07:00,10.869520604610443,78.97517681121826,13.61603,-20.0,-20.0,28.728,28.728,174,27,,
2021-07-11 18:32:54-07:00,10.869496464729309,78.97510707378387,13.624379999999999,-20.0,-20.0,29.016000000000002,29.016000000000002,174,27,,
2021-07-11 18:32:55-07:00,10.869476348161697,78.9750212430954,13.63302,-20.0,-20.0,29.195999999999998,29.195999999999998,174,27,,
2021-07-11 18:32:56-07:00,10.869464948773384,78.97495687007904,13.64112,-20.0,-20.0,28.656,28.656,174,27,,
2021-07-11 18:32:57-07:00,10.869450196623802,78.9748764038086,13.649239999999999,-20.0,-20.0,28.980000000000004,28.980000000000004,174,27,,
2021-07-11 18:32:58-07:00,10.869430750608444,78.97481203079224,13.65785,-20.0,-20.0,30.240000000000002,30.240000000000002,174,27,,
2021-07-11 18:32:59-07:00,10.869415327906609,78.97473156452179,13.66658,-20.0,-20.0,29.736,29.736,174,27,,
2021-07-11 18:33:00-07:00,10.869400575757027,78.97465646266937,13.67456,-20.0,-20.0,28.8,28.8,174,27,,
2021-07-11 18:33:01-07:00,10.869389846920967,78.97458672523499,13.682739999999999,-20.0,-20.0,28.980000000000004,28.980000000000004,174,27,,
2021-07-11 18:33:02-07:00,10.869375765323639,78.97450625896454,13.69109,-20.0,-20.0,28.116,28.116,174,27,,
2021-07-11 18:33:03-07:00,10.86936503648758,78.97443652153015,13.69879,-20.0,-20.0,26.928,26.928,174,27,,
2021-07-11 18:33:04-07:00,10.869355648756027,78.97436678409576,13.70633,-20.0,-20.0,26.928,26.928,174,27,,
2021-07-11 18:33:05-07:00,10.869350954890251,78.97429704666138,13.7142,-20.0,-20.0,27.36,27.36,174,27,,
2021-07-11 18:33:06-07:00,10.869340896606445,78.97422194480896,13.722290000000001,-20.0,-20.0,28.008000000000003,28.008000000000003,174,27,,
2021-07-11 18:33:07-07:00,10.869335532188416,78.97414684295654,13.73058,-20.0,-20.0,28.476000000000003,28.476000000000003,174,27,,
2021-07-11 18:33:08-07:00,10.869340226054192,78.97407710552216,13.73855,-20.0,-20.0,28.548,28.548,174,27,,
2021-07-11 18:33:09-07:00,10.86933821439743,78.97400200366974,13.74673,-20.0,-20.0,29.376,29.376,174,27,,
2021-07-11 18:33:10-07:00,10.86933821439743,78.97392690181732,13.75523,-20.0,-20.0,29.124,29.124,175,27,,
2021-07-11 18:33:11-07:00,10.869340896606445,78.97384643554688,13.76326,-20.0,-20.0,29.016000000000002,29.016000000000002,175,27,,
2021-07-11 18:33:12-07:00,10.869342908263206,78.97378206253052,13.77164,-20.0,-20.0,29.52,29.52,175,27,,
2021-07-11 18:33:13-07:00,10.869344919919968,78.97369623184204,13.78018,-20.0,-20.0,29.340000000000003,29.340000000000003,175,27,,
2021-07-11 18:33:14-07:00,10.86933821439743,78.97362112998962,13.78869,-20.0,-20.0,29.843999999999998,29.843999999999998,175,27,,
2021-07-11 18:33:15-07:00,10.86933821439743,78.97353529930115,13.79739,-20.0,-20.0,30.419999999999998,30.419999999999998,175,27,,
2021-07-11 18:33:16-07:00,10.869335532188416,78.97346019744873,13.806049999999999,-20.0,-20.0,30.708,30.708,174,27,,
2021-07-11 18:33:17-07:00,10.86933620274067,78.97337436676025,13.81457,-20.0,-20.0,30.6,30.6,174,27,,
2021-07-11 18:33:18-07:00,10.869333520531654,78.97329926490784,13.823229999999999,-20.0,-20.0,30.456000000000003,30.456000000000003,174,27,,
2021-07-11 18:33:19-07:00,10.869316086173058,78.97322416305542,13.83189,-20.0,-20.0,30.419999999999998,30.419999999999998,174,27,,
2021-07-11 18:33:20-07:00,10.869303345680237,78.973149061203,13.84045,-20.0,-20.0,30.456000000000003,30.456000000000003,174,27,,
2021-07-11 18:33:21-07:00,10.869279876351357,78.97306859493256,13.84916,-20.0,-20.0,29.952,29.952,175,27,,
2021-07-11 18:33:22-07:00,10.869253724813461,78.97299885749817,13.8575,-20.0,-20.0,29.952,29.952,175,27,,
2021-07-11 18:33:23-07:00,10.869220197200775,78.97292375564575,13.86602,-20.0,-20.0,30.672,30.672,175,27,98,
2021-07-11 18:33:24-07:00,10.869190692901611,78.97284865379333,13.87453,-20.0,-20.0,30.636,30.636,174,27,98,
2021-07-11 18:33:25-07:00,10.869161188602448,78.97277355194092,13.882959999999999,-20.0,-20.0,30.348,30.348,174,27,97,
2021-07-11 18:33:26-07:00,10.86913637816906,78.9726984500885,13.891290000000001,-20.0,-20.0,29.988,29.988,174,27,97,
2021-07-11 18:33:27-07:00,10.86911492049694,78.97261798381805,13.89943,-20.0,-20.0,29.304000000000002,29.304000000000002,174,27,97,
2021-07-11 18:33:28-07:00,10.869098156690598,78.97254288196564,13.90789,-20.0,-20.0,28.44,28.44,174,27,96,
2021-07-11 18:33:29-07:00,10.869083404541016,78.97247314453125,13.91573,-20.0,-20.0,28.62,28.62,174,27,95,
2021-07-11 18:33:30-07:00,10.869068652391434,78.97239804267883,13.92375,-20.0,-20.0,29.16,29.16,175,27,94,
2021-07-11 18:33:31-07:00,10.869053229689598,78.97232830524445,13.93184,-20.0,-20.0,28.656,28.656,175,27,94,
2021-07-11 18:33:32-07:00,10.869041830301285,78.97226393222809,13.93961,-20.0,-20.0,28.8,28.8,175,27,95,
2021-07-11 18:33:33-07:00,10.869030430912971,78.97218346595764,13.94749,-20.0,-20.0,28.188000000000002,28.188000000000002,175,27,94,
2021-07-11 18:33:34-07:00,10.869015008211136,78.97212445735931,13.954799999999999,-20.0,-20.0,26.424,26.424,174,27,94,
2021-07-11 18:33:35-07:00,10.869005620479584,78.97205471992493,13.96195,-20.0,-20.0,25.596,25.596,174,27,94,
2021-07-11 18:33:36-07:00,10.868988186120987,78.9719957113266,13.96929,-20.0,-20.0,25.488,25.488,174,27,,
2021-07-11 18:33:37-07:00,10.868972763419151,78.97193133831024,13.97634,-20.0,-20.0,25.272,25.272,174,27,,
2021-07-11 18:33:38-07:00,10.868953317403793,78.97187232971191,13.983139999999999,-20.0,-20.0,23.616,23.616,174,27,,
2021-07-11 18:33:39-07:00,10.86893118917942,78.97181868553162,13.98932,-20.0,-20.0,23.400000000000002,23.400000000000002,174,27,87,
2021-07-11 18:33:40-07:00,10.868910402059555,78.97176504135132,13.99604,-20.0,-20.0,24.084000000000003,24.084000000000003,174,27,78,
2021-07-11 18:33:41-07:00,10.868888273835182,78.97170603275299,14.00219,-20.0,-20.0,23.508000000000003,23.508000000000003,173,27,80,
2021-07-11 18:33:42-07:00,10.868861451745033,78.97165238857269,14.00887,-20.0,-20.0,23.868,23.868,173,27,79,
2021-07-11 18:33:43-07:00,10.868835970759392,78.97160410881042,14.0153,-20.0,-20.0,23.652,23.652,173,27,79,
2021-07-11 18:33:44-07:00,10.868812501430511,78.97155046463013,14.02119,-20.0,-20.0,23.364,23.364,173,27,80,
2021-07-11 18:33:45-07:00,10.868780314922333,78.97150754928589,14.027899999999999,-20.0,-20.0,23.868,23.868,173,27,81,
2021-07-11 18:33:46-07:00,10.868746116757393,78.97145390510559,14.03453,-20.0,-20.0,23.724,23.724,172,27,80,
2021-07-11 18:33:47-07:00,10.86871862411499,78.97138953208923,14.04127,-20.0,-20.0,22.572,22.572,172,27,80,
2021-07-11 18:33:48-07:00,10.868698507547379,78.971346616745,14.04732,-20.0,-20.0,23.436,23.436,172,27,80,
2021-07-11 18:33:49-07:00,10.868675708770752,78.9712929725647,14.054020000000001,-20.0,-20.0,23.688000000000002,23.688000000000002,172,27,79,
2021-07-11 18:33:50-07:00,10.868647545576096,78.97123396396637,14.06058,-20.0,-20.0,22.572,22.572,172,27,79,
2021-07-11 18:33:51-07:00,10.868620052933693,78.97118031978607,14.06761,-20.0,-20.0,23.003999999999998,23.003999999999998,172,27,79,
2021-07-11 18:33:52-07:00,10.868588536977768,78.97112667560577,14.07466,-20.0,-20.0,22.464000000000002,22.464000000000002,171,27,78,
2021-07-11 18:33:53-07:00,10.86855836212635,78.97107303142548,14.081100000000001,-20.0,-20.0,21.996000000000002,21.996000000000002,172,27,78,
2021-07-11 18:33:54-07:00,10.868531540036201,78.97101938724518,14.087459999999998,-20.0,-20.0,21.096,21.096,171,27,78,
2021-07-11 18:33:55-07:00,10.868506729602814,78.97096574306488,14.09403,-20.0,-20.0,20.7,20.7,171,27,78,
2021-07-11 18:33:56-07:00,10.868477895855904,78.97090137004852,14.1011,-20.0,-20.0,21.78,21.78,170,27,78,
2021-07-11 18:33:57-07:00,10.86844839155674,78.9708423614502,14.108600000000001,-20.0,-20.0,22.644000000000002,22.644000000000002,170,27,78,
2021-07-11 18:33:58-07:00,10.868411511182785,78.9707887172699,14.11623,-20.0,-20.0,24.156,24.156,170,27,78,
2021-07-11 18:33:59-07:00,10.868375301361084,78.97071897983551,14.12419,-20.0,-20.0,24.408,24.408,170,27,79,
2021-07-11 18:34:00-07:00,10.868339762091637,78.97065997123718,14.13206,-20.0,-20.0,22.68,22.68,170,27,79,
2021-07-11 18:34:01-07:00,10.868314951658249,78.97059559822083,14.13875,-20.0,-20.0,22.176000000000002,22.176000000000002,170,27,79,
2021-07-11 18:34:02-07:00,10.8682881295681,78.97054731845856,14.14586,-20.0,-20.0,22.644000000000002,22.644000000000002,170,27,79,
2021-07-11 18:34:03-07:00,10.868263319134712,78.97049367427826,14.15267,-20.0,-20.0,22.932000000000002,22.932000000000002,170,27,80,
2021-07-11 18:34:04-07:00,10.868240520358086,78.9704293012619,14.15949,-20.0,-20.0,23.94,23.94,169,27,76,
2021-07-11 18:34:05-07:00,10.868221744894981,78.97037029266357,14.16631,-20.0,-20.0,24.372,24.372,169,27,77,
2021-07-11 18:34:06-07:00,10.868188217282295,78.97031664848328,14.17333,-20.0,-20.0,23.400000000000002,23.400000000000002,169,27,74,
2021-07-11 18:34:07-07:00,10.868161395192146,78.97026300430298,14.17991,-20.0,-20.0,22.788,22.788,169,27,75,
2021-07-11 18:34:08-07:00,10.868141278624535,78.97020936012268,14.18634,-20.0,-20.0,22.356,22.356,168,27,75,
2021-07-11 18:34:09-07:00,10.868113115429878,78.97015571594238,14.19289,-20.0,-20.0,20.844,20.844,168,27,74,
2021-07-11 18:34:10-07:00,10.868101716041565,78.97010207176208,14.19842,-20.0,-20.0,20.628000000000004,20.628000000000004,168,27,74,
2021-07-11 18:34:11-07:00,10.86808629333973,78.97004842758179,14.20477,-20.0,-20.0,21.888,21.888,168,27,72,
2021-07-11 18:34:12-07:00,10.868076905608177,78.96998941898346,14.21149,-20.0,-20.0,22.464000000000002,22.464000000000002,167,27,69,
2021-07-11 18:34:13-07:00,10.86807020008564,78.96991968154907,14.21845,-20.0,-20.0,23.112000000000002,23.112000000000002,167,27,73,
2021-07-11 18:34:14-07:00,10.868060141801834,78.96986067295074,14.22548,-20.0,-20.0,23.508000000000003,23.508000000000003,167,27,73,
2021-07-11 18:34:15-07:00,10.868050754070282,78.96979629993439,14.23249,-20.0,-20.0,23.58,23.58,167,27,73,
2021-07-11 18:34:16-07:00,10.868050083518028,78.96973729133606,14.239469999999999,-20.0,-20.0,23.471999999999998,23.471999999999998,166,27,,
2021-07-11 18:34:17-07:00,10.868045389652252,78.9696729183197,14.24644,-20.0,-20.0,23.256,23.256,166,27,,
2021-07-11 18:34:18-07:00,10.868040025234222,78.96960854530334,14.25338,-20.0,-20.0,22.536,22.536,166,27,,
2021-07-11 18:34:19-07:00,10.868029966950417,78.96954417228699,14.260110000000001,-20.0,-20.0,22.176000000000002,22.176000000000002,166,27,,
2021-07-11 18:34:20-07:00,10.868016555905342,78.96948516368866,14.26723,-20.0,-20.0,21.96,21.96,164,27,,
2021-07-11 18:34:21-07:00,10.868003144860268,78.9694207906723,14.273610000000001,-20.0,-20.0,21.744,21.744,166,27,,
2021-07-11 18:34:22-07:00,10.867998450994492,78.96937251091003,14.28001,-20.0,-20.0,21.96,21.96,165,27,,
2021-07-11 18:34:23-07:00,10.86798571050167,78.96930813789368,14.28684,-20.0,-20.0,21.852,21.852,165,27,,
2021-07-11 18:34:24-07:00,10.86797833442688,78.96923840045929,14.293629999999999,-20.0,-20.0,22.86,22.86,165,27,,
2021-07-11 18:34:25-07:00,10.867971628904343,78.96918475627899,14.30035,-20.0,-20.0,23.616,23.616,165,27,,
2021-07-11 18:34:26-07:00,10.867966264486313,78.9691311120987,14.30652,-20.0,-20.0,23.58,23.58,165,27,,
2021-07-11 18:34:27-07:00,10.867948159575462,78.96906673908234,14.3137,-20.0,-20.0,24.084000000000003,24.084000000000003,165,27,,
2021-07-11 18:34:28-07:00,10.86793340742588,78.96900236606598,14.32077,-20.0,-20.0,24.336,24.336,166,27,,
2021-07-11 18:34:29-07:00,10.867919996380806,78.96894335746765,14.327459999999999,-20.0,-20.0,25.236,25.236,166,27,,
2021-07-11 18:34:30-07:00,10.867910608649254,78.96887362003326,14.3348,-20.0,-20.0,25.704,25.704,166,27,,
2021-07-11 18:34:31-07:00,10.867899879813194,78.96881461143494,14.34167,-20.0,-20.0,24.3,24.3,165,27,,
2021-07-11 18:34:32-07:00,10.867901220917702,78.96875023841858,14.348120000000002,-20.0,-20.0,24.48,24.48,165,27,,
2021-07-11 18:34:33-07:00,10.867893174290657,78.96869122982025,14.3553,-20.0,-20.0,26.352,26.352,165,27,,
2021-07-11 18:34:34-07:00,10.867885127663612,78.96861612796783,14.362950000000001,-20.0,-20.0,27.36,27.36,165,27,,
2021-07-11 18:34:35-07:00,10.867883116006851,78.96854639053345,14.370940000000001,-20.0,-20.0,27.468,27.468,165,27,,
2021-07-11 18:34:36-07:00,10.867875069379807,78.96847665309906,14.37878,-20.0,-20.0,27.072,27.072,165,27,,
2021-07-11 18:34:37-07:00,10.867865011096,78.96840155124664,14.38655,-20.0,-20.0,27.432000000000002,27.432000000000002,165,27,,
2021-07-11 18:34:38-07:00,10.867855623364449,78.96833181381226,14.394770000000001,-20.0,-20.0,28.404,28.404,165,27,,
2021-07-11 18:34:39-07:00,10.867845565080643,78.96825671195984,14.40292,-20.0,-20.0,28.152,28.152,165,27,,
2021-07-11 18:34:40-07:00,10.867840871214867,78.96818697452545,14.41065,-20.0,-20.0,27.936,27.936,165,27,,
2021-07-11 18:34:41-07:00,10.86783081293106,78.96811187267303,14.418569999999999,-20.0,-20.0,27.900000000000002,27.900000000000002,165,27,,
2021-07-11 18:34:42-07:00,10.867820084095001,78.96804213523865,14.4264,-20.0,-20.0,28.008000000000003,28.008000000000003,165,27,,
2021-07-11 18:34:43-07:00,10.867806673049927,78.96797239780426,14.43478,-20.0,-20.0,28.512,28.512,166,27,,
2021-07-11 18:34:44-07:00,10.867797955870628,78.96789193153381,14.44309,-20.0,-20.0,29.124,29.124,166,27,,
2021-07-11 18:34:45-07:00,10.867790579795837,78.96781146526337,14.45108,-20.0,-20.0,28.764000000000003,28.764000000000003,166,27,,
2021-07-11 18:34:46-07:00,10.86777649819851,78.96773636341095,14.4595,-20.0,-20.0,27.864,27.864,166,27,,
2021-07-11 18:34:47-07:00,10.867759734392166,78.96766662597656,14.46759,-20.0,-20.0,28.152,28.152,166,27,,
2021-07-11 18:34:48-07:00,10.867748335003853,78.96759152412415,14.475700000000002,-20.0,-20.0,28.404,28.404,166,27,,
2021-07-11 18:34:49-07:00,10.867740958929062,78.96751642227173,14.48384,-20.0,-20.0,28.116,28.116,166,27,,
2021-07-11 18:34:50-07:00,10.867725536227226,78.96744132041931,14.492090000000001,-20.0,-20.0,27.36,27.36,166,27,,
2021-07-11 18:34:51-07:00,10.86771346628666,78.96737158298492,14.4999,-20.0,-20.0,26.964000000000002,26.964000000000002,166,27,,
2021-07-11 18:34:52-07:00,10.86771011352539,78.96729648113251,14.50771,-20.0,-20.0,26.712,26.712,166,27,,
2021-07-11 18:34:53-07:00,10.867706760764122,78.96723210811615,14.515360000000001,-20.0,-20.0,25.704,25.704,165,27,,
2021-07-11 18:34:54-07:00,10.867703408002853,78.96717309951782,14.522459999999999,-20.0,-20.0,24.696,24.696,165,27,,
2021-07-11 18:34:55-07:00,10.867698043584824,78.96710336208344,14.529440000000001,-20.0,-20.0,24.804,24.804,165,27,,
2021-07-11 18:34:56-07:00,10.867688655853271,78.96703362464905,14.5368,-20.0,-20.0,25.596,25.596,165,27,,
2021-07-11 18:34:57-07:00,10.867675244808197,78.96696925163269,14.54448,-20.0,-20.0,25.524,25.524,165,27,,
2021-07-11 18:34:58-07:00,10.867665857076645,78.9668995141983,14.552040000000002,-20.0,-20.0,25.236,25.236,165,27,,
2021-07-11 18:34:59-07:00,10.8676578104496,78.96683514118195,14.55953,-20.0,-20.0,25.488,25.488,165,27,,
2021-07-11 18:35:00-07:00,10.8676578104496,78.96676003932953,14.56681,-20.0,-20.0,24.408,24.408,165,27,,
2021-07-11 18:35:01-07:00,10.86765043437481,78.96670639514923,14.573319999999999,-20.0,-20.0,22.68,22.68,164,27,,
2021-07-11 18:35:02-07:00,10.867646411061287,78.9666473865509,14.579559999999999,-20.0,-20.0,23.544,23.544,164,27,,
2021-07-11 18:35:03-07:00,10.86764171719551,78.96658301353455,14.58668,-20.0,-20.0,24.840000000000003,24.840000000000003,163,27,,
2021-07-11 18:35:04-07:00,10.867630317807198,78.96652400493622,14.59349,-20.0,-20.0,24.336,24.336,163,27,,
2021-07-11 18:35:05-07:00,10.867617577314377,78.96646499633789,14.60016,-20.0,-20.0,23.471999999999998,23.471999999999998,162,27,,
2021-07-11 18:35:06-07:00,10.86759477853775,78.96641135215759,14.606489999999999,-20.0,-20.0,22.68,22.68,162,27,,
2021-07-11 18:35:07-07:00,10.867563262581825,78.96636307239532,14.612770000000001,-20.0,-20.0,22.932000000000002,22.932000000000002,161,27,73,
2021-07-11 18:35:08-07:00,10.867520347237587,78.96632015705109,14.619209999999999,-20.0,-20.0,21.672,21.672,161,27,70,
2021-07-11 18:35:09-07:00,10.867474749684334,78.966304063797,14.62426,-20.0,-20.0,21.096,21.096,161,27,73,
2021-07-11 18:35:10-07:00,10.86741641163826,78.966304063797,14.63088,-20.0,-20.0,21.42,21.42,160,27,71,
2021-07-11 18:35:11-07:00,10.86736612021923,78.96630942821503,14.63645,-20.0,-20.0,19.692,19.692,160,27,71,
2021-07-11 18:35:12-07:00,10.867320522665977,78.96632015705109,14.64179,-20.0,-20.0,18.072,18.072,159,27,71,
2021-07-11 18:35:13-07:00,10.867273584008217,78.96630942821503,14.64692,-20.0,-20.0,17.316,17.316,158,27,,
2021-07-11 18:35:14-07:00,10.867225974798203,78.966304063797,14.65226,-20.0,-20.0,17.172,17.172,158,27,,
2021-07-11 18:35:15-07:00,10.867183059453964,78.96629333496094,14.65708,-20.0,-20.0,16.38,16.38,157,27,,
2021-07-11 18:35:16-07:00,10.867140144109726,78.96628797054291,14.66192,-20.0,-20.0,16.452,16.452,157,27,63,
2021-07-11 18:35:17-07:00,10.867097899317741,78.96628260612488,14.66673,-20.0,-20.0,17.46,17.46,158,27,61,
2021-07-11 18:35:18-07:00,10.867054983973503,78.96627187728882,14.671479999999999,-20.0,-20.0,17.82,17.82,158,27,63,
2021-07-11 18:35:19-07:00,10.867008715867996,78.96627187728882,14.67678,-20.0,-20.0,18.072,18.072,158,27,64,
2021-07-11 18:35:20-07:00,10.866955742239952,78.96626651287079,14.682549999999999,-20.0,-20.0,18.684,18.684,158,27,65,
2021-07-11 18:35:21-07:00,10.866905450820923,78.96626651287079,14.68834,-20.0,-20.0,18.36,18.36,158,27,66,
2021-07-11 18:35:22-07:00,10.866851136088371,78.96625578403473,14.6942,-20.0,-20.0,18.324,18.324,157,27,68,
2021-07-11 18:35:23-07:00,10.86679883301258,78.96625578403473,14.7002,-20.0,-20.0,19.764000000000003,19.764000000000003,157,27,72,
2021-07-11 18:35:24-07:00,10.866738483309746,78.9662504196167,14.70702,-20.0,-20.0,22.32,22.32,157,27,73,
2021-07-11 18:35:25-07:00,10.86667075753212,78.96623432636261,14.714409999999999,-20.0,-20.0,23.040000000000003,23.040000000000003,157,27,74,
2021-07-11 18:35:26-07:00,10.866611078381538,78.96622896194458,14.72134,-20.0,-20.0,22.284000000000002,22.284000000000002,157,27,77,
2021-07-11 18:35:27-07:00,10.866550728678703,78.96621286869049,14.728219999999999,-20.0,-20.0,22.356,22.356,157,27,78,
2021-07-11 18:35:28-07:00,10.866485685110092,78.9661967754364,14.73544,-20.0,-20.0,22.752000000000002,22.752000000000002,157,27,79,
2021-07-11 18:35:29-07:00,10.866424664855003,78.96618068218231,14.7425,-20.0,-20.0,23.58,23.58,158,27,79,
2021-07-11 18:35:30-07:00,10.8663609623909,78.96616458892822,14.750020000000001,-20.0,-20.0,23.976000000000003,23.976000000000003,157,27,79,
2021-07-11 18:35:31-07:00,10.866295918822289,78.96613240242004,14.757520000000001,-20.0,-20.0,23.976000000000003,23.976000000000003,158,27,80,
2021-07-11 18:35:32-07:00,10.866230204701424,78.96612167358398,14.7651,-20.0,-20.0,23.58,23.58,158,27,80,
2021-07-11 18:35:33-07:00,10.866163820028305,78.96609485149384,14.77293,-20.0,-20.0,23.796000000000003,23.796000000000003,157,27,81,
2021-07-11 18:35:34-07:00,10.866094753146172,78.96607339382172,14.78117,-20.0,-20.0,24.156,24.156,158,27,83,
2021-07-11 18:35:35-07:00,10.866031050682068,78.96605730056763,14.788450000000001,-20.0,-20.0,24.336,24.336,158,27,84,
2021-07-11 18:35:36-07:00,10.865965336561203,78.96603584289551,14.79629,-20.0,-20.0,25.344,25.344,158,27,86,
2021-07-11 18:35:37-07:00,10.865895599126816,78.96601974964142,14.80418,-20.0,-20.0,24.192,24.192,159,27,86,
2021-07-11 18:35:38-07:00,10.86583524942398,78.96601438522339,14.811069999999999,-20.0,-20.0,21.924,21.924,159,27,87,
2021-07-11 18:35:39-07:00,10.8657755702734,78.9659982919693,14.81783,-20.0,-20.0,22.5,22.5,161,27,88,
2021-07-11 18:35:40-07:00,10.865708515048027,78.96598219871521,14.825299999999999,-20.0,-20.0,24.516,24.516,161,27,88,
2021-07-11 18:35:41-07:00,10.865640118718147,78.96596610546112,14.833110000000001,-20.0,-20.0,25.812,25.812,162,27,89,
2021-07-11 18:35:42-07:00,10.865566357970238,78.96595001220703,14.84133,-20.0,-20.0,26.64,26.64,162,27,89,
2021-07-11 18:35:43-07:00,10.865493267774582,78.96593928337097,14.84974,-20.0,-20.0,25.992,25.992,163,27,89,
2021-07-11 18:35:44-07:00,10.865421518683434,78.96592855453491,14.85784,-20.0,-20.0,24.228,24.228,163,27,91,
2021-07-11 18:35:45-07:00,10.865355134010315,78.96591246128082,14.86547,-20.0,-20.0,24.084000000000003,24.084000000000003,164,27,91,
2021-07-11 18:35:46-07:00,10.865283384919167,78.96589636802673,14.87341,-20.0,-20.0,24.876,24.876,164,27,90,
2021-07-11 18:35:47-07:00,10.86521565914154,78.96588563919067,14.88125,-20.0,-20.0,26.136,26.136,164,27,90,
2021-07-11 18:35:48-07:00,10.8651452511549,78.96586954593658,14.889280000000001,-20.0,-20.0,27.720000000000002,27.720000000000002,165,27,90,
2021-07-11 18:35:49-07:00,10.865073502063751,78.96584272384644,14.897639999999999,-20.0,-20.0,27.864,27.864,165,27,89,
2021-07-11 18:35:50-07:00,10.865005105733871,78.96581590175629,14.90591,-20.0,-20.0,27.288,27.288,165,27,92,
2021-07-11 18:35:51-07:00,10.8649380505085,78.96578371524811,14.9139,-20.0,-20.0,27.288,27.288,165,27,92,
2021-07-11 18:35:52-07:00,10.864870995283127,78.96576225757599,14.92183,-20.0,-20.0,27.432000000000002,27.432000000000002,166,27,92,
2021-07-11 18:35:53-07:00,10.8648032695055,78.96573007106781,14.93008,-20.0,-20.0,27.324,27.324,166,27,92,
2021-07-11 18:35:54-07:00,10.864735543727875,78.96570861339569,14.938030000000001,-20.0,-20.0,27.720000000000002,27.720000000000002,166,27,93,
2021-07-11 18:35:55-07:00,10.864665135741234,78.96567642688751,14.945879999999999,-20.0,-20.0,28.259999999999998,28.259999999999998,166,27,93,
2021-07-11 18:35:56-07:00,10.864592716097832,78.9656388759613,14.95443,-20.0,-20.0,27.252000000000002,27.252000000000002,166,27,93,
2021-07-11 18:35:57-07:00,10.86452767252922,78.96561741828918,14.962299999999999,-20.0,-20.0,25.956,25.956,166,27,93,
2021-07-11 18:35:58-07:00,10.864461287856102,78.965585231781,14.9702,-20.0,-20.0,26.64,26.64,166,27,92,
2021-07-11 18:35:59-07:00,10.864391550421715,78.96556377410889,14.97868,-20.0,-20.0,27.396,27.396,166,27,81,
2021-07-11 18:36:00-07:00,10.864325165748596,78.96553158760071,14.986799999999999,-20.0,-20.0,26.208000000000002,26.208000000000002,166,27,76,
2021-07-11 18:36:01-07:00,10.864262804389,78.9654940366745,14.994399999999999,-20.0,-20.0,25.776,25.776,166,27,75,
2021-07-11 18:36:02-07:00,10.864203795790672,78.96546185016632,15.00192,-20.0,-20.0,26.892,26.892,166,27,73,
2021-07-11 18:36:03-07:00,10.864141434431076,78.96543502807617,15.00959,-20.0,-20.0,26.568,26.568,166,27,74,
2021-07-11 18:36:04-07:00,10.864083766937256,78.96539747714996,15.01736,-20.0,-20.0,25.668,25.668,167,27,74,
2021-07-11 18:36:05-07:00,10.864030793309212,78.96535456180573,15.02488,-20.0,-20.0,26.28,26.28,167,27,74,
2021-07-11 18:36:06-07:00,10.863969773054123,78.96530091762543,15.03341,-20.0,-20.0,27.072,27.072,167,27,75,
2021-07-11 18:36:07-07:00,10.86390808224678,78.96526336669922,15.04184,-20.0,-20.0,27.540000000000003,27.540000000000003,168,27,76,
2021-07-11 18:36:08-07:00,10.86384505033493,78.96522045135498,15.050370000000001,-20.0,-20.0,28.512,28.512,168,27,78,
2021-07-11 18:36:09-07:00,10.863778665661812,78.96517217159271,15.05843,-20.0,-20.0,29.016000000000002,29.016000000000002,169,27,81,
2021-07-11 18:36:10-07:00,10.8637136220932,78.96511852741241,15.06653,-20.0,-20.0,29.16,29.16,169,27,82,
2021-07-11 18:36:11-07:00,10.863644555211067,78.96507561206818,15.074489999999999,-20.0,-20.0,28.656,28.656,170,27,83,
2021-07-11 18:36:12-07:00,10.863575488328934,78.96504342556,15.08255,-20.0,-20.0,29.016000000000002,29.016000000000002,170,27,84,
2021-07-11 18:36:13-07:00,10.86350105702877,78.9649897813797,15.09071,-20.0,-20.0,29.376,29.376,171,27,84,
2021-07-11 18:36:14-07:00,10.86343802511692,78.96494686603546,15.098889999999999,-20.0,-20.0,29.448,29.448,171,27,86,
2021-07-11 18:36:15-07:00,10.863368287682533,78.96490931510925,15.10718,-20.0,-20.0,29.843999999999998,29.843999999999998,171,27,86,
2021-07-11 18:36:16-07:00,10.863295868039131,78.96486639976501,15.11547,-20.0,-20.0,29.843999999999998,29.843999999999998,171,27,87,
2021-07-11 18:36:17-07:00,10.863230153918266,78.96481275558472,15.12389,-20.0,-20.0,30.312,30.312,171,27,87,
2021-07-11 18:36:18-07:00,10.863165110349655,78.96475911140442,15.13236,-20.0,-20.0,30.492000000000004,30.492000000000004,171,27,87,
2021-07-11 18:36:19-07:00,10.863100066781044,78.96471083164215,15.14086,-20.0,-20.0,30.6,30.6,171,27,88,
2021-07-11 18:36:20-07:00,10.863038375973701,78.9646464586258,15.149629999999998,-20.0,-20.0,31.572,31.572,172,27,89,
2021-07-11 18:36:21-07:00,10.862970650196075,78.9645928144455,15.15888,-20.0,-20.0,33.300000000000004,33.300000000000004,172,27,91,
2021-07-11 18:36:22-07:00,10.862898230552673,78.96453380584717,15.16862,-20.0,-20.0,35.064,35.064,173,27,92,
2021-07-11 18:36:23-07:00,10.862828493118286,78.96446406841278,15.17831,-20.0,-20.0,34.884,34.884,173,27,92,
2021-07-11 18:36:24-07:00,10.86276076734066,78.96441042423248,15.18757,-20.0,-20.0,33.336,33.336,173,27,92,
2021-07-11 18:36:25-07:00,10.862703770399094,78.9643406867981,15.19719,-20.0,-20.0,33.948,33.948,174,27,92,
2021-07-11 18:36:26-07:00,10.862643420696259,78.96427094936371,15.20667,-20.0,-20.0,34.128,34.128,174,27,92,
2021-07-11 18:36:27-07:00,10.86259312927723,78.96420657634735,15.21578,-20.0,-20.0,32.796,32.796,174,27,92,
2021-07-11 18:36:28-07:00,10.862556919455528,78.9641261100769,15.22471,-20.0,-20.0,32.724000000000004,32.724000000000004,174,27,91,
2021-07-11 18:36:29-07:00,10.862516015768051,78.96406173706055,15.23376,-20.0,-20.0,33.516000000000005,33.516000000000005,175,27,92,
2021-07-11 18:36:30-07:00,10.862478464841843,78.96397590637207,15.24327,-20.0,-20.0,33.948,33.948,175,27,90,
2021-07-11 18:36:31-07:00,10.86243823170662,78.9638900756836,15.25273,-20.0,-20.0,34.056000000000004,34.056000000000004,176,27,91,
2021-07-11 18:36:32-07:00,10.86240604519844,78.96380960941315,15.2621,-20.0,-20.0,33.732,33.732,176,27,91,
2021-07-11 18:36:33-07:00,10.862381234765053,78.96372377872467,15.27177,-20.0,-20.0,33.732,33.732,176,27,90,
2021-07-11 18:36:34-07:00,10.86235374212265,78.9636379480362,15.28148,-20.0,-20.0,34.272,34.272,176,27,91,
2021-07-11 18:36:35-07:00,10.862320214509964,78.96355748176575,15.29098,-20.0,-20.0,34.2,34.2,176,27,91,
2021-07-11 18:36:36-07:00,10.862291380763054,78.96347165107727,15.30006,-20.0,-20.0,33.443999999999996,33.443999999999996,176,27,91,
2021-07-11 18:36:37-07:00,10.862255170941353,78.96340191364288,15.30907,-20.0,-20.0,33.588,33.588,176,27,92,
2021-07-11 18:36:38-07:00,10.862216278910637,78.96332681179047,15.31825,-20.0,-20.0,34.272,34.272,177,27,91,
2021-07-11 18:36:39-07:00,10.862170681357384,78.96325707435608,15.3279,-20.0,-20.0,34.74,34.74,177,27,92,
2021-07-11 18:36:40-07:00,10.8621197193861,78.96318197250366,15.33727,-20.0,-20.0,33.732,33.732,177,27,92,
2021-07-11 18:36:41-07:00,10.862063392996788,78.96311223506927,15.3469,-20.0,-20.0,34.056000000000004,34.056000000000004,177,27,92,
2021-07-11 18:36:42-07:00,10.862001702189445,78.96305322647095,15.35669,-20.0,-20.0,35.244,35.244,177,27,93,
2021-07-11 18:36:43-07:00,10.86194135248661,78.96297812461853,15.366,-20.0,-20.0,33.516000000000005,33.516000000000005,176,27,93,
2021-07-11 18:36:44-07:00,10.861885026097298,78.96292448043823,15.37486,-20.0,-20.0,32.22,32.22,177,27,92,
2021-07-11 18:36:45-07:00,10.861825346946716,78.96287083625793,15.383989999999999,-20.0,-20.0,33.012,33.012,177,27,92,
2021-07-11 18:36:46-07:00,10.86176298558712,78.96280109882355,15.39359,-20.0,-20.0,33.480000000000004,33.480000000000004,177,27,92,
2021-07-11 18:36:47-07:00,10.861701294779778,78.96275281906128,15.40282,-20.0,-20.0,32.976,32.976,178,27,92,
2021-07-11 18:36:48-07:00,10.861640274524689,78.96269381046295,15.4116,-20.0,-20.0,33.012,33.012,178,27,93,
2021-07-11 18:36:49-07:00,10.861575230956078,78.96264016628265,15.42112,-20.0,-20.0,33.012,33.012,178,27,94,
2021-07-11 18:36:50-07:00,10.861508846282959,78.96258652210236,15.430639999999999,-20.0,-20.0,32.616,32.616,178,27,92,
2021-07-11 18:36:51-07:00,10.861443132162094,78.96254360675812,15.43969,-20.0,-20.0,32.688,32.688,179,27,91,
2021-07-11 18:36:52-07:00,10.861375406384468,78.96248996257782,15.44882,-20.0,-20.0,32.184,32.184,179,27,91,
2021-07-11 18:36:53-07:00,10.861315056681633,78.96244168281555,15.45726,-20.0,-20.0,31.788,31.788,179,27,92,
2021-07-11 18:36:54-07:00,10.86124800145626,78.96240949630737,15.46569,-20.0,-20.0,31.536,31.536,179,27,92,
2021-07-11 18:36:55-07:00,10.861181616783142,78.96235585212708,15.47475,-20.0,-20.0,32.148,32.148,179,27,92,
2021-07-11 18:36:56-07:00,10.861107856035233,78.96230757236481,15.48418,-20.0,-20.0,33.948,33.948,179,27,92,
2021-07-11 18:36:57-07:00,10.861030742526054,78.96225392818451,15.49351,-20.0,-20.0,33.588,33.588,179,27,91,
2021-07-11 18:36:58-07:00,10.860961005091667,78.96218955516815,15.5033,-20.0,-20.0,31.788,31.788,180,27,92,
2021-07-11 18:36:59-07:00,10.860893279314041,78.96215200424194,15.51241,-20.0,-20.0,31.824,31.824,180,27,92,
2021-07-11 18:37:00-07:00,10.860828906297684,78.96209836006165,15.52176,-20.0,-20.0,33.012,33.012,180,27,92,
2021-07-11 18:37:01-07:00,10.860765874385834,78.96204471588135,15.53088,-20.0,-20.0,33.66,33.66,180,27,92,
2021-07-11 18:37:02-07:00,10.860700830817223,78.96198570728302,15.540370000000001,-20.0,-20.0,34.416000000000004,34.416000000000004,180,27,92,
2021-07-11 18:37:03-07:00,10.860639810562134,78.96193206310272,15.549430000000001,-20.0,-20.0,34.128,34.128,180,27,91,
2021-07-11 18:37:04-07:00,10.860574766993523,78.96188378334045,15.558530000000001,-20.0,-20.0,33.588,33.588,180,27,92,
2021-07-11 18:37:05-07:00,10.860506370663643,78.96183013916016,15.5678,-20.0,-20.0,33.804,33.804,180,27,93,
2021-07-11 18:37:06-07:00,10.860432609915733,78.96177649497986,15.5771,-20.0,-20.0,33.480000000000004,33.480000000000004,180,27,92,
2021-07-11 18:37:07-07:00,10.860364884138107,78.96172285079956,15.58631,-20.0,-20.0,33.156000000000006,33.156000000000006,180,27,93,
2021-07-11 18:37:08-07:00,10.860291123390198,78.96166384220123,15.59568,-20.0,-20.0,33.732,33.732,179,27,93,
2021-07-11 18:37:09-07:00,10.860220044851303,78.96161019802094,15.60508,-20.0,-20.0,33.84,33.84,181,27,93,
2021-07-11 18:37:10-07:00,10.860148966312408,78.96155655384064,15.6144,-20.0,-20.0,33.552,33.552,181,27,94,
2021-07-11 18:37:11-07:00,10.860088616609573,78.96148145198822,15.623959999999999,-20.0,-20.0,34.416000000000004,34.416000000000004,182,27,93,
2021-07-11 18:37:12-07:00,10.860022902488708,78.96142244338989,15.63365,-20.0,-20.0,34.884,34.884,181,27,92,
2021-07-11 18:37:13-07:00,10.85996389389038,78.96134197711945,15.64316,-20.0,-20.0,34.236,34.236,182,27,94,
2021-07-11 18:37:14-07:00,10.859903544187546,78.96127760410309,15.65256,-20.0,-20.0,33.84,33.84,181,27,92,
2021-07-11 18:37:15-07:00,10.85984654724598,78.96119713783264,15.66198,-20.0,-20.0,33.912,33.912,181,27,94,
2021-07-11 18:37:16-07:00,10.859792903065681,78.96113276481628,15.6716,-20.0,-20.0,34.632,34.632,181,27,94,
2021-07-11 18:37:17-07:00,10.859734565019608,78.9610630273819,15.68125,-20.0,-20.0,34.74,34.74,181,27,93,
2021-07-11 18:37:18-07:00,10.859678238630295,78.96097719669342,15.69093,-20.0,-20.0,34.848,34.848,181,27,93,
2021-07-11 18:37:19-07:00,10.859625935554504,78.96090745925903,15.70068,-20.0,-20.0,35.1,35.1,181,27,93,
2021-07-11 18:37:20-07:00,10.859573632478714,78.96083235740662,15.71,-20.0,-20.0,33.552,33.552,181,27,94,
2021-07-11 18:37:21-07:00,10.85953675210476,78.96076261997223,15.71909,-20.0,-20.0,32.688,32.688,180,27,95,
2021-07-11 18:37:22-07:00,10.859501212835312,78.96068751811981,15.72806,-20.0,-20.0,33.66,33.66,182,27,95,
2021-07-11 18:37:23-07:00,10.859456285834312,78.9606124162674,15.73766,-20.0,-20.0,34.56,34.56,181,27,96,
2021-07-11 18:37:24-07:00,10.859408676624298,78.96052658557892,15.74717,-20.0,-20.0,34.236,34.236,182,27,95,
2021-07-11 18:37:25-07:00,10.85937313735485,78.9604514837265,15.75674,-20.0,-20.0,33.984,33.984,182,27,92,
2021-07-11 18:37:26-07:00,10.859342962503433,78.96036028862,15.76628,-20.0,-20.0,33.408,33.408,182,27,93,
2021-07-11 18:37:27-07:00,10.85931345820427,78.96029055118561,15.77552,-20.0,-20.0,32.507999999999996,32.507999999999996,182,27,92,
2021-07-11 18:37:28-07:00,10.859288647770882,78.9601993560791,15.78484,-20.0,-20.0,33.083999999999996,33.083999999999996,183,27,91,
2021-07-11 18:37:29-07:00,10.859263837337494,78.96012425422668,15.79441,-20.0,-20.0,33.624,33.624,183,27,91,
2021-07-11 18:37:30-07:00,10.85923969745636,78.96003842353821,15.80361,-20.0,-20.0,33.048,33.048,183,27,90,
2021-07-11 18:37:31-07:00,10.85921622812748,78.95996332168579,15.81277,-20.0,-20.0,32.544,32.544,182,27,90,
2021-07-11 18:37:32-07:00,10.859199464321136,78.95987749099731,15.821159999999999,-20.0,-20.0,32.616,32.616,183,27,89,
2021-07-11 18:37:33-07:00,10.859180688858032,78.95980775356293,15.829979999999999,-20.0,-20.0,32.507999999999996,32.507999999999996,184,27,88,
2021-07-11 18:37:34-07:00,10.85915319621563,78.95971655845642,15.839459999999999,-20.0,-20.0,32.328,32.328,182,27,88,
2021-07-11 18:37:35-07:00,10.85912637412548,78.959641456604,15.84885,-20.0,-20.0,32.004000000000005,32.004000000000005,184,27,88,
2021-07-11 18:37:36-07:00,10.85910089313984,78.95956635475159,15.85762,-20.0,-20.0,32.184,32.184,184,27,88,
2021-07-11 18:37:37-07:00,10.859074741601944,78.95949125289917,15.86675,-20.0,-20.0,32.544,32.544,184,27,87,
2021-07-11 18:37:38-07:00,10.859047919511795,78.95941615104675,15.87613,-20.0,-20.0,32.436,32.436,183,27,88,
2021-07-11 18:37:39-07:00,10.859025120735168,78.95933032035828,15.885110000000001,-20.0,-20.0,32.472,32.472,183,27,88,
2021-07-11 18:37:40-07:00,10.85900031030178,78.95925521850586,15.8939,-20.0,-20.0,32.904,32.904,183,27,89,
2021-07-11 18:37:41-07:00,10.858970135450363,78.95917475223541,15.902790000000001,-20.0,-20.0,34.056000000000004,34.056000000000004,183,27,90,
2021-07-11 18:37:42-07:00,10.858930572867393,78.959099650383,15.912510000000001,-20.0,-20.0,34.812,34.812,183,27,92,
2021-07-11 18:37:43-07:00,10.858889669179916,78.95901918411255,15.92234,-20.0,-20.0,35.388,35.388,183,27,93,
2021-07-11 18:37:44-07:00,10.858833342790604,78.9589387178421,15.931989999999999,-20.0,-20.0,34.74,34.74,183,27,94,
2021-07-11 18:37:45-07:00,10.858778357505798,78.95886361598969,15.94175,-20.0,-20.0,32.507999999999996,32.507999999999996,183,27,94,
2021-07-11 18:37:46-07:00,10.858726054430008,78.9587938785553,15.9512,-20.0,-20.0,32.688,32.688,181,27,94,
2021-07-11 18:37:47-07:00,10.858675092458725,78.95872950553894,15.96075,-20.0,-20.0,34.308,34.308,182,27,93,
2021-07-11 18:37:48-07:00,10.858620777726173,78.95865976810455,15.970540000000002,-20.0,-20.0,33.696,33.696,182,27,93,
2021-07-11 18:37:49-07:00,10.858573168516159,78.9585953950882,15.97927,-20.0,-20.0,32.940000000000005,32.940000000000005,182,27,93,
2021-07-11 18:37:50-07:00,10.858525559306145,78.95852029323578,15.9888,-20.0,-20.0,33.300000000000004,33.300000000000004,182,27,93,
2021-07-11 18:37:51-07:00,10.858490020036697,78.95844519138336,15.99814,-20.0,-20.0,33.012,33.012,182,27,94,
2021-07-11 18:37:52-07:00,10.858451128005981,78.95837008953094,16.00748,-20.0,-20.0,30.996,30.996,183,27,94,
2021-07-11 18:37:53-07:00,10.858418941497803,78.9582896232605,16.01624,-20.0,-20.0,29.628000000000004,29.628000000000004,183,27,95,
2021-07-11 18:37:54-07:00,10.85838608443737,78.95821452140808,16.02559,-20.0,-20.0,29.808,29.808,183,27,94,
2021-07-11 18:37:55-07:00,10.858353227376938,78.95813941955566,16.03447,-20.0,-20.0,30.096,30.096,182,27,92,
2021-07-11 18:37:56-07:00,10.858317017555237,78.95806431770325,16.04353,-20.0,-20.0,29.988,29.988,182,27,91,
2021-07-11 18:37:57-07:00,10.858272761106491,78.95799458026886,16.05266,-20.0,-20.0,30.240000000000002,30.240000000000002,182,27,90,
2021-07-11 18:37:58-07:00,10.858229845762253,78.95791947841644,16.06205,-20.0,-20.0,31.644,31.644,181,27,89,
2021-07-11 18:37:59-07:00,10.858178213238716,78.95784974098206,16.07178,-20.0,-20.0,31.536,31.536,182,27,89,
2021-07-11 18:38:00-07:00,10.858145356178284,78.95777463912964,16.08093,-20.0,-20.0,29.340000000000003,29.340000000000003,182,27,89,
2021-07-11 18:38:01-07:00,10.85811048746109,78.95770490169525,16.089209999999998,-20.0,-20.0,28.548,28.548,182,27,89,
2021-07-11 18:38:02-07:00,10.858085677027702,78.95763516426086,16.09779,-20.0,-20.0,28.836,28.836,182,27,87,
2021-07-11 18:38:03-07:00,10.858060866594315,78.95756006240845,16.10605,-20.0,-20.0,28.512,28.512,182,27,87,
2021-07-11 18:38:04-07:00,10.858035385608673,78.95749032497406,16.1142,-20.0,-20.0,27.684,27.684,181,27,87,
2021-07-11 18:38:05-07:00,10.858015269041061,78.95742058753967,16.1218,-20.0,-20.0,26.532,26.532,181,27,,
2021-07-11 18:38:06-07:00,10.85799515247345,78.95735621452332,16.1296,-20.0,-20.0,26.712,26.712,181,27,,
2021-07-11 18:38:07-07:00,10.8579683303833,78.95729184150696,16.13748,-20.0,-20.0,26.1,26.1,181,27,,
2021-07-11 18:38:08-07:00,10.857940837740898,78.95722210407257,16.14529,-20.0,-20.0,24.948,24.948,180,27,,
2021-07-11 18:38:09-07:00,10.857918038964272,78.95715773105621,16.153209999999998,-20.0,-20.0,23.652,23.652,180,27,,
2021-07-11 18:38:10-07:00,10.857895240187645,78.95709335803986,16.16028,-20.0,-20.0,21.816,21.816,179,27,,
2021-07-11 18:38:11-07:00,10.857866406440735,78.95703971385956,16.16713,-20.0,-20.0,20.448,20.448,178,27,,
2021-07-11 18:38:12-07:00,10.857836231589317,78.95698606967926,16.17392,-20.0,-20.0,19.224,19.224,177,27,,
2021-07-11 18:38:13-07:00,10.85781142115593,78.95694315433502,16.17987,-20.0,-20.0,18.648,18.648,177,27,,
2021-07-11 18:38:14-07:00,10.857793316245079,78.95688951015472,16.18548,-20.0,-20.0,18.36,18.36,175,27,,
2021-07-11 18:38:15-07:00,10.857771188020706,78.95684123039246,16.19092,-20.0,-20.0,17.208000000000002,17.208000000000002,174,27,,
2021-07-11 18:38:16-07:00,10.857755094766617,78.95680367946625,16.19614,-20.0,-20.0,16.452,16.452,173,27,,
2021-07-11 18:38:17-07:00,10.857740342617035,78.95675003528595,16.20137,-20.0,-20.0,15.336,15.336,172,27,,
2021-07-11 18:38:18-07:00,10.857725590467453,78.95671248435974,16.20606,-20.0,-20.0,14.904,14.904,171,27,,
2021-07-11 18:38:19-07:00,10.857712849974632,78.95667493343353,16.2109,-20.0,-20.0,16.056,16.056,170,27,,
2021-07-11 18:38:20-07:00,10.857694745063782,78.95663738250732,16.21515,-20.0,-20.0,15.912,15.912,169,27,,
2021-07-11 18:38:21-07:00,10.85767462849617,78.9566159248352,16.21916,-20.0,-20.0,14.292000000000002,14.292000000000002,168,27,,
2021-07-11 18:38:22-07:00,10.857654511928558,78.95657300949097,16.22281,-20.0,-20.0,13.716000000000001,13.716000000000001,167,27,,
2021-07-11 18:38:23-07:00,10.857641771435738,78.95655155181885,16.2259,-20.0,-20.0,13.716000000000001,13.716000000000001,165,27,,
2021-07-11 18:38:24-07:00,10.857623666524887,78.95651936531067,16.22975,-20.0,-20.0,12.636,12.636,164,27,,
2021-07-11 18:38:25-07:00,10.857608243823051,78.95649790763855,16.23298,-20.0,-20.0,10.872,10.872,162,27,,
2021-07-11 18:38:26-07:00,10.857586115598679,78.95647644996643,16.23672,-20.0,-20.0,10.26,10.26,161,27,,
2021-07-11 18:38:27-07:00,10.857568010687828,78.95645499229431,16.24018,-20.0,-20.0,7.956,7.956,156,27,,
2021-07-11 18:38:28-07:00,10.857558622956276,78.95644426345825,16.24151,-20.0,-20.0,8.244,8.244,152,27,,
2021-07-11 18:38:29-07:00,10.857536494731903,78.9564174413681,16.24476,-20.0,-20.0,10.224,10.224,147,27,,
2021-07-11 18:38:30-07:00,10.857515707612038,78.95640134811401,16.24783,-20.0,-20.0,9.756,9.756,146,27,,
2021-07-11 18:38:31-07:00,10.857493579387665,78.95637452602386,16.25132,-20.0,-20.0,10.512,10.512,144,27,,
2021-07-11 18:38:32-07:00,10.857471451163292,78.95635306835175,16.2551,-20.0,-20.0,11.088000000000001,11.088000000000001,143,27,,
2021-07-11 18:38:33-07:00,10.857449993491173,78.95633161067963,16.258770000000002,-20.0,-20.0,10.692,10.692,142,27,,
2021-07-11 18:38:34-07:00,10.857431888580322,78.95631015300751,16.261680000000002,-20.0,-20.0,9.972,9.972,142,27,,
2021-07-11 18:38:35-07:00,10.857418477535248,78.95629942417145,16.26394,-20.0,-20.0,9.612,9.612,142,27,,
2021-07-11 18:38:36-07:00,10.857396349310875,78.9562726020813,16.26694,-20.0,-20.0,10.548,10.548,143,27,,
2021-07-11 18:38:37-07:00,10.857378244400024,78.95624577999115,16.27045,-20.0,-20.0,11.844000000000001,11.844000000000001,144,27,,
2021-07-11 18:38:38-07:00,10.857356116175652,78.95622432231903,16.27447,-20.0,-20.0,11.412,11.412,145,27,39,
2021-07-11 18:38:39-07:00,10.857338011264801,78.95619213581085,16.27782,-20.0,-20.0,11.484,11.484,145,27,40,
2021-07-11 18:38:40-07:00,10.857311189174652,78.95617604255676,16.2816,-20.0,-20.0,12.456,12.456,146,27,40,
2021-07-11 18:38:41-07:00,10.857293084263802,78.95614922046661,16.28518,-20.0,-20.0,12.456,12.456,147,27,39,
2021-07-11 18:38:42-07:00,10.857271626591682,78.95611703395844,16.28929,-20.0,-20.0,12.06,12.06,148,27,40,
2021-07-11 18:38:43-07:00,10.85725151002407,78.95609557628632,16.29264,-20.0,-20.0,12.456,12.456,148,27,40,
2021-07-11 18:38:44-07:00,10.857230722904205,78.95606338977814,16.29643,-20.0,-20.0,11.988000000000001,11.988000000000001,149,27,40,
2021-07-11 18:38:45-07:00,10.857206583023071,78.95603120326996,16.30067,-20.0,-20.0,10.296,10.296,149,27,,
2021-07-11 18:38:46-07:00,10.85718847811222,78.9560204744339,16.30398,-20.0,-20.0,9.576,9.576,148,27,,
2021-07-11 18:38:47-07:00,10.857160985469818,78.95599365234375,16.30747,-20.0,-20.0,10.044,10.044,148,27,,
2021-07-11 18:38:48-07:00,10.857140868902206,78.95597219467163,16.31117,-20.0,-20.0,9.612,9.612,148,27,41,
2021-07-11 18:38:49-07:00,10.85711807012558,78.95595610141754,16.31428,-20.0,-20.0,9.9,9.9,148,27,41,
2021-07-11 18:38:50-07:00,10.85710197687149,78.95592927932739,16.31735,-20.0,-20.0,10.656,10.656,148,27,40,
2021-07-11 18:38:51-07:00,10.857080519199371,78.95590245723724,16.32102,-20.0,-20.0,10.548,10.548,148,27,41,
2021-07-11 18:38:52-07:00,10.857061743736267,78.9558756351471,16.32473,-20.0,-20.0,11.088000000000001,11.088000000000001,148,27,43,
2021-07-11 18:38:53-07:00,10.857037603855133,78.95584881305695,16.32868,-20.0,-20.0,11.988000000000001,11.988000000000001,149,27,44,
2021-07-11 18:38:54-07:00,10.857018828392029,78.9558219909668,16.33272,-20.0,-20.0,13.464,13.464,149,27,44,
2021-07-11 18:38:55-07:00,10.856992676854134,78.95577371120453,16.33763,-20.0,-20.0,11.735999999999999,11.735999999999999,149,27,45,
2021-07-11 18:38:56-07:00,10.856971219182014,78.95575761795044,16.34066,-20.0,-20.0,9.648000000000001,9.648000000000001,149,27,46,
2021-07-11 18:38:57-07:00,10.856955125927925,78.95573616027832,16.343809999999998,-20.0,-20.0,10.404,10.404,149,27,47,
2021-07-11 18:38:58-07:00,10.856932997703552,78.9557147026062,16.34713,-20.0,-20.0,11.879999999999999,11.879999999999999,149,27,47,
2021-07-11 18:38:59-07:00,10.85690550506115,78.95568251609802,16.35221,-20.0,-20.0,13.644,13.644,149,27,47,
2021-07-11 18:39:00-07:00,10.856876000761986,78.95565032958984,16.35746,-20.0,-20.0,13.607999999999999,13.607999999999999,148,27,47,
2021-07-11 18:39:01-07:00,10.85684984922409,78.9556074142456,16.36243,-20.0,-20.0,13.14,13.14,148,27,47,
2021-07-11 18:39:02-07:00,10.856823027133942,78.9555698633194,16.36718,-20.0,-20.0,13.716000000000001,13.716000000000001,147,27,,
2021-07-11 18:39:03-07:00,10.856798216700554,78.95553767681122,16.371940000000002,-20.0,-20.0,13.176,13.176,147,27,,
2021-07-11 18:39:04-07:00,10.856780111789703,78.95550549030304,16.376379999999997,-20.0,-20.0,12.528,12.528,146,27,,
2021-07-11 18:39:05-07:00,10.856765359640121,78.95546793937683,16.38081,-20.0,-20.0,12.492,12.492,145,27,,
2021-07-11 18:39:06-07:00,10.856755301356316,78.95543038845062,16.384040000000002,-20.0,-20.0,11.772,11.772,145,27,,
2021-07-11 18:39:07-07:00,10.856741219758987,78.9554089307785,16.387310000000003,-20.0,-20.0,11.592,11.592,144,27,,
2021-07-11 18:39:08-07:00,10.856727808713913,78.95537674427032,16.390880000000003,-20.0,-20.0,10.512,10.512,143,27,,
2021-07-11 18:39:09-07:00,10.856723114848137,78.9553552865982,16.39357,-20.0,-20.0,9.576,9.576,142,27,,
2021-07-11 18:39:10-07:00,10.856713727116585,78.95533382892609,16.396639999999998,-20.0,-20.0,9.468,9.468,142,27,,
2021-07-11 18:39:11-07:00,10.85670568048954,78.95530700683594,16.39948,-20.0,-20.0,8.604000000000001,8.604000000000001,141,27,,
2021-07-11 18:39:12-07:00,10.856693610548973,78.95528018474579,16.40279,-20.0,-20.0,8.928,8.928,140,27,,
2021-07-11 18:39:13-07:00,10.856675505638123,78.95524799823761,16.4067,-20.0,-20.0,9.756,9.756,141,27,,
2021-07-11 18:39:14-07:00,10.856662765145302,78.95521581172943,16.40984,-20.0,-20.0,9.972,9.972,141,27,38,
2021-07-11 18:39:15-07:00,10.85665337741375,78.95519435405731,16.413259999999998,-20.0,-20.0,11.16,11.16,141,27,39,
2021-07-11 18:39:16-07:00,10.856636613607407,78.95516216754913,16.41705,-20.0,-20.0,12.06,12.06,140,27,39,
2021-07-11 18:39:17-07:00,10.85662454366684,78.95513534545898,16.42078,-20.0,-20.0,12.348,12.348,140,27,41,
2021-07-11 18:39:18-07:00,10.85660308599472,78.95509779453278,16.42484,-20.0,-20.0,13.284,13.284,139,27,42,
2021-07-11 18:39:19-07:00,10.856576263904572,78.9550656080246,16.42944,-20.0,-20.0,14.472,14.472,139,27,43,
2021-07-11 18:39:20-07:00,10.856553465127945,78.95502805709839,16.43426,-20.0,-20.0,15.084000000000001,15.084000000000001,139,27,43,
2021-07-11 18:39:21-07:00,10.856533348560333,78.95499587059021,16.43891,-20.0,-20.0,15.192,15.192,140,27,43,
2021-07-11 18:39:22-07:00,10.856513231992722,78.95496368408203,16.44313,-20.0,-20.0,15.048,15.048,140,27,45,
2021-07-11 18:39:23-07:00,10.85649311542511,78.95492613315582,16.44716,-20.0,-20.0,15.156,15.156,141,27,47,
2021-07-11 18:39:24-07:00,10.856468304991722,78.95489931106567,16.451529999999998,-20.0,-20.0,15.264000000000001,15.264000000000001,141,27,48,
2021-07-11 18:39:25-07:00,10.856443494558334,78.9548671245575,16.456139999999998,-20.0,-20.0,14.688,14.688,141,27,49,
2021-07-11 18:39:26-07:00,10.856422036886215,78.95483493804932,16.45986,-20.0,-20.0,14.940000000000001,14.940000000000001,141,27,49,
2021-07-11 18:39:27-07:00,10.856393203139305,78.9548134803772,16.46406,-20.0,-20.0,15.264000000000001,15.264000000000001,140,27,49,
2021-07-11 18:39:28-07:00,10.856368392705917,78.95478129386902,16.46846,-20.0,-20.0,15.012,15.012,139,27,,
2021-07-11 18:39:29-07:00,10.85634358227253,78.95475447177887,16.472849999999998,-20.0,-20.0,14.076,14.076,139,27,,
2021-07-11 18:39:30-07:00,10.856323465704918,78.95472228527069,16.476740000000003,-20.0,-20.0,13.284,13.284,138,27,,
2021-07-11 18:39:31-07:00,10.856303349137306,78.95469009876251,16.48057,-20.0,-20.0,13.284,13.284,138,27,,
2021-07-11 18:39:32-07:00,10.85628792643547,78.95465791225433,16.48447,-20.0,-20.0,13.248000000000001,13.248000000000001,138,27,,
2021-07-11 18:39:33-07:00,10.856268480420113,78.95462036132812,16.488490000000002,-20.0,-20.0,13.644,13.644,139,27,44,
2021-07-11 18:39:34-07:00,10.856248363852501,78.95459353923798,16.492939999999997,-20.0,-20.0,14.544,14.544,139,27,44,
2021-07-11 18:39:35-07:00,10.856226235628128,78.9545613527298,16.49727,-20.0,-20.0,14.508000000000001,14.508000000000001,139,27,45,
2021-07-11 18:39:36-07:00,10.85620142519474,78.95452916622162,16.50152,-20.0,-20.0,14.796000000000001,14.796000000000001,139,27,46,
2021-07-11 18:39:37-07:00,10.856180638074875,78.95450234413147,16.506,-20.0,-20.0,15.732000000000001,15.732000000000001,139,27,46,
2021-07-11 18:39:38-07:00,10.856158509850502,78.9544540643692,16.510720000000003,-20.0,-20.0,15.336,15.336,138,27,46,
2021-07-11 18:39:39-07:00,10.856141075491905,78.95442187786102,16.51491,-20.0,-20.0,14.868,14.868,138,27,47,
2021-07-11 18:39:40-07:00,10.856124982237816,78.95438432693481,16.51924,-20.0,-20.0,14.796000000000001,14.796000000000001,138,27,47,
2021-07-11 18:39:41-07:00,10.856108218431473,78.9543628692627,16.52304,-20.0,-20.0,15.371999999999998,15.371999999999998,137,27,48,
2021-07-11 18:39:42-07:00,10.856090113520622,78.95432531833649,16.5277,-20.0,-20.0,16.2,16.2,137,27,49,
2021-07-11 18:39:43-07:00,10.856072008609772,78.95427703857422,16.53211,-20.0,-20.0,16.164,16.164,137,27,50,
2021-07-11 18:39:44-07:00,10.856055244803429,78.95423948764801,16.53692,-20.0,-20.0,15.588000000000001,15.588000000000001,137,27,50,
2021-07-11 18:39:45-07:00,10.856036469340324,78.9542019367218,16.54165,-20.0,-20.0,15.371999999999998,15.371999999999998,137,27,50,
2021-07-11 18:39:46-07:00,10.85602305829525,78.9541643857956,16.54646,-20.0,-20.0,15.156,15.156,137,27,50,
2021-07-11 18:39:47-07:00,10.856011658906937,78.95411610603333,16.55097,-20.0,-20.0,14.868,14.868,137,27,50,
2021-07-11 18:39:48-07:00,10.855995565652847,78.95408928394318,16.55555,-20.0,-20.0,15.876000000000001,15.876000000000001,137,27,50,
2021-07-11 18:39:49-07:00,10.85597611963749,78.95404100418091,16.56046,-20.0,-20.0,16.344,16.344,138,27,51,
2021-07-11 18:39:50-07:00,10.855956673622131,78.95401418209076,16.564880000000002,-20.0,-20.0,16.056,16.056,138,27,50,
2021-07-11 18:39:51-07:00,10.855933204293251,78.95398199558258,16.56934,-20.0,-20.0,16.308,16.308,138,27,50,
2021-07-11 18:39:52-07:00,10.855913758277893,78.95393371582031,16.57387,-20.0,-20.0,16.524,16.524,138,27,52,
2021-07-11 18:39:53-07:00,10.855894982814789,78.95390689373016,16.57868,-20.0,-20.0,17.352,17.352,138,27,54,
2021-07-11 18:39:54-07:00,10.85587553679943,78.9538586139679,16.583599999999997,-20.0,-20.0,17.82,17.82,138,27,54,
2021-07-11 18:39:55-07:00,10.855858102440834,78.95382106304169,16.5886,-20.0,-20.0,17.28,17.28,139,27,54,
2021-07-11 18:39:56-07:00,10.855837985873222,78.95376741886139,16.59391,-20.0,-20.0,17.424,17.424,138,27,54,
2021-07-11 18:39:57-07:00,10.85582122206688,78.95372986793518,16.5989,-20.0,-20.0,17.208000000000002,17.208000000000002,138,27,54,
2021-07-11 18:39:58-07:00,10.85581049323082,78.95369231700897,16.60343,-20.0,-20.0,16.38,16.38,138,27,54,
2021-07-11 18:39:59-07:00,10.855796411633492,78.95365476608276,16.60805,-20.0,-20.0,16.488,16.488,138,27,54,
2021-07-11 18:40:00-07:00,10.855779647827148,78.9536064863205,16.61258,-20.0,-20.0,16.704,16.704,139,27,53,
2021-07-11 18:40:01-07:00,10.855763554573059,78.95358502864838,16.61656,-20.0,-20.0,15.732000000000001,15.732000000000001,139,27,53,
2021-07-11 18:40:02-07:00,10.855745449662209,78.9535528421402,16.620330000000003,-20.0,-20.0,14.652000000000001,14.652000000000001,138,27,53,
2021-07-11 18:40:03-07:00,10.855730026960373,78.95352602005005,16.62415,-20.0,-20.0,15.264000000000001,15.264000000000001,138,27,53,
2021-07-11 18:40:04-07:00,10.855715945363045,78.95348310470581,16.62845,-20.0,-20.0,16.092,16.092,138,27,52,
2021-07-11 18:40:05-07:00,10.855699852108955,78.9534455537796,16.63266,-20.0,-20.0,16.488,16.488,138,27,53,
2021-07-11 18:40:06-07:00,10.855683758854866,78.9534080028534,16.637610000000002,-20.0,-20.0,16.524,16.524,138,27,53,
2021-07-11 18:40:07-07:00,10.855670347809792,78.95336508750916,16.642400000000002,-20.0,-20.0,16.776,16.776,137,27,53,
2021-07-11 18:40:08-07:00,10.855652913451195,78.95332753658295,16.647479999999998,-20.0,-20.0,17.496000000000002,17.496000000000002,137,27,53,
2021-07-11 18:40:09-07:00,10.855636149644852,78.95327925682068,16.6522,-20.0,-20.0,16.812,16.812,136,27,53,
2021-07-11 18:40:10-07:00,10.855623409152031,78.95324170589447,16.65668,-20.0,-20.0,15.696000000000002,15.696000000000002,135,27,,
2021-07-11 18:40:11-07:00,10.855609998106956,78.95320415496826,16.66156,-20.0,-20.0,16.02,16.02,134,27,34,
2021-07-11 18:40:12-07:00,10.855598598718643,78.953155875206,16.66664,-20.0,-20.0,16.632,16.632,134,27,52,
2021-07-11 18:40:13-07:00,10.855589881539345,78.95311295986176,16.671380000000003,-20.0,-20.0,16.272,16.272,134,27,53,
2021-07-11 18:40:14-07:00,10.855575799942017,78.95307540893555,16.67616,-20.0,-20.0,16.452,16.452,134,27,53,
2021-07-11 18:40:15-07:00,10.855565071105957,78.95303785800934,16.6807,-20.0,-20.0,17.1,17.1,135,27,53,
2021-07-11 18:40:16-07:00,10.85555300116539,78.9529949426651,16.6855,-20.0,-20.0,16.992,16.992,135,27,52,
2021-07-11 18:40:17-07:00,10.85553489625454,78.9529412984848,16.69047,-20.0,-20.0,16.452,16.452,135,27,52,
2021-07-11 18:40:18-07:00,10.855523496866226,78.95291447639465,16.69473,-20.0,-20.0,16.128000000000004,16.128000000000004,134,27,52,
2021-07-11 18:40:19-07:00,10.855510756373405,78.95287692546844,16.699240000000003,-20.0,-20.0,16.2,16.2,134,27,37,
2021-07-11 18:40:20-07:00,10.8555006980896,78.95283937454224,16.70372,-20.0,-20.0,16.344,16.344,133,27,52,
2021-07-11 18:40:21-07:00,10.855487957596779,78.95279109477997,16.70836,-20.0,-20.0,16.596,16.596,133,27,52,
2021-07-11 18:40:22-07:00,10.855476558208466,78.95275354385376,16.71291,-20.0,-20.0,16.776,16.776,133,27,52,
2021-07-11 18:40:23-07:00,10.855465158820152,78.95270526409149,16.71764,-20.0,-20.0,16.38,16.38,133,27,52,
2021-07-11 18:40:24-07:00,10.8554557710886,78.95267844200134,16.722240000000003,-20.0,-20.0,15.912,15.912,133,27,52,
2021-07-11 18:40:25-07:00,10.855446383357048,78.95263016223907,16.72655,-20.0,-20.0,15.515999999999998,15.515999999999998,133,27,52,
2021-07-11 18:40:26-07:00,10.855436325073242,78.95259261131287,16.73064,-20.0,-20.0,14.940000000000001,14.940000000000001,133,27,,
2021-07-11 18:40:27-07:00,10.855430960655212,78.95256042480469,16.73444,-20.0,-20.0,15.228000000000002,15.228000000000002,133,27,,
2021-07-11 18:40:28-07:00,10.855418220162392,78.95252287387848,16.738709999999998,-20.0,-20.0,15.840000000000002,15.840000000000002,132,27,,
2021-07-11 18:40:29-07:00,10.855410173535347,78.95247995853424,16.74307,-20.0,-20.0,15.768,15.768,132,27,51,
2021-07-11 18:40:30-07:00,10.855401456356049,78.95244777202606,16.74732,-20.0,-20.0,16.02,16.02,133,27,56,
2021-07-11 18:40:31-07:00,10.855398774147034,78.9523994922638,16.751939999999998,-20.0,-20.0,16.416,16.416,133,27,51,
2021-07-11 18:40:32-07:00,10.855393409729004,78.95236194133759,16.75637,-20.0,-20.0,16.452,16.452,134,27,51,
2021-07-11 18:40:33-07:00,10.855390056967735,78.95231902599335,16.760810000000003,-20.0,-20.0,16.884,16.884,134,27,51,
2021-07-11 18:40:34-07:00,10.855390056967735,78.95227074623108,16.76578,-20.0,-20.0,17.1,17.1,135,27,,
2021-07-11 18:40:35-07:00,10.855383351445198,78.95223319530487,16.77073,-20.0,-20.0,16.992,16.992,136,27,,
2021-07-11 18:40:36-07:00,10.855375304818153,78.95219027996063,16.77609,-20.0,-20.0,17.064,17.064,136,27,,
2021-07-11 18:40:37-07:00,10.855365917086601,78.95213663578033,16.78113,-20.0,-20.0,17.352,17.352,136,27,,
2021-07-11 18:40:38-07:00,10.855355858802795,78.95208835601807,16.786459999999998,-20.0,-20.0,17.532,17.532,136,27,,
2021-07-11 18:40:39-07:00,10.855343118309975,78.95205080509186,16.791430000000002,-20.0,-20.0,17.316,17.316,135,27,,
2021-07-11 18:40:40-07:00,10.855331718921661,78.95200788974762,16.796560000000003,-20.0,-20.0,17.244,17.244,135,27,,
2021-07-11 18:40:41-07:00,10.855320319533348,78.95195424556732,16.80153,-20.0,-20.0,16.524,16.524,134,27,,
2021-07-11 18:40:42-07:00,10.855315625667572,78.95192205905914,16.80582,-20.0,-20.0,15.192,15.192,134,27,,
2021-07-11 18:40:43-07:00,10.855302885174751,78.95188450813293,16.80987,-20.0,-20.0,14.58,14.58,134,27,,
2021-07-11 18:40:44-07:00,10.8552934974432,78.95185232162476,16.81373,-20.0,-20.0,13.895999999999999,13.895999999999999,133,27,,
2021-07-11 18:40:45-07:00,10.8552847802639,78.95181477069855,16.817330000000002,-20.0,-20.0,12.888,12.888,133,27,,
2021-07-11 18:40:46-07:00,10.855275392532349,78.95179331302643,16.82055,-20.0,-20.0,12.132000000000001,12.132000000000001,133,27,,
2021-07-11 18:40:47-07:00,10.855266004800797,78.95176112651825,16.823790000000002,-20.0,-20.0,11.124,11.124,133,27,,
2021-07-11 18:40:48-07:00,10.85526131093502,78.95173966884613,16.82685,-20.0,-20.0,10.152,10.152,133,27,,
2021-07-11 18:40:49-07:00,10.855257958173752,78.95171284675598,16.828979999999998,-20.0,-20.0,9.54,9.54,132,27,,
2021-07-11 18:40:50-07:00,10.855255275964737,78.95170211791992,16.83095,-20.0,-20.0,10.116,10.116,133,27,80,
2021-07-11 18:40:51-07:00,10.855245217680931,78.95167529582977,16.83398,-20.0,-20.0,11.664000000000001,11.664000000000001,133,27,80,
2021-07-11 18:40:52-07:00,10.855238512158394,78.95163238048553,16.83772,-20.0,-20.0,13.176,13.176,133,27,80,
2021-07-11 18:40:53-07:00,10.855235159397125,78.95160019397736,16.8417,-20.0,-20.0,14.472,14.472,133,27,33,
2021-07-11 18:40:54-07:00,10.85522510111332,78.95156264305115,16.84638,-20.0,-20.0,15.336,15.336,132,27,33,
2021-07-11 18:40:55-07:00,10.855210348963737,78.95152509212494,16.85127,-20.0,-20.0,16.524,16.524,132,27,33,
2021-07-11 18:40:56-07:00,10.85519827902317,78.95147144794464,16.856189999999998,-20.0,-20.0,17.352,17.352,132,27,,
2021-07-11 18:40:57-07:00,10.855190232396126,78.95142316818237,16.861279999999997,-20.0,-20.0,18.324,18.324,132,27,,
2021-07-11 18:40:58-07:00,10.855180844664574,78.95138025283813,16.86704,-20.0,-20.0,19.404,19.404,131,27,,
2021-07-11 18:40:59-07:00,10.855176150798798,78.95132124423981,16.87291,-20.0,-20.0,20.196,20.196,132,27,,
2021-07-11 18:41:00-07:00,10.855168774724007,78.95126760005951,16.87911,-20.0,-20.0,21.06,21.06,132,27,,
2021-07-11 18:41:01-07:00,10.855162739753723,78.95121395587921,16.8854,-20.0,-20.0,21.492,21.492,133,27,,
2021-07-11 18:41:02-07:00,10.855156034231186,78.95114958286285,16.891650000000002,-20.0,-20.0,21.816,21.816,133,27,,
2021-07-11 18:41:03-07:00,10.85514597594738,78.95109593868256,16.89816,-20.0,-20.0,22.68,22.68,134,27,,
2021-07-11 18:41:04-07:00,10.855137929320335,78.95103693008423,16.90495,-20.0,-20.0,23.796000000000003,23.796000000000003,136,27,,
2021-07-11 18:41:05-07:00,10.855135917663574,78.9509779214859,16.911360000000002,-20.0,-20.0,23.616,23.616,138,27,,
2021-07-11 18:41:06-07:00,10.85513524711132,78.95091354846954,16.91821,-20.0,-20.0,24.48,24.48,139,27,,
2021-07-11 18:41:07-07:00,10.855139940977097,78.95084381103516,16.92565,-20.0,-20.0,25.632,25.632,140,27,,
2021-07-11 18:41:08-07:00,10.855139940977097,78.9507794380188,16.93286,-20.0,-20.0,26.496000000000002,26.496000000000002,142,27,,
2021-07-11 18:41:09-07:00,10.855137929320335,78.95070970058441,16.94051,-20.0,-20.0,27.828000000000003,27.828000000000003,143,27,,
2021-07-11 18:41:10-07:00,10.855137929320335,78.950634598732,16.94863,-20.0,-20.0,28.62,28.62,144,27,,
2021-07-11 18:41:11-07:00,10.855135917663574,78.95056486129761,16.95694,-20.0,-20.0,28.692,28.692,146,27,,
2021-07-11 18:41:12-07:00,10.85513323545456,78.95048975944519,16.964740000000003,-20.0,-20.0,28.692,28.692,147,27,,
2021-07-11 18:41:13-07:00,10.85513323545456,78.95040929317474,16.97279,-20.0,-20.0,29.16,29.16,148,27,,
2021-07-11 18:41:14-07:00,10.855139940977097,78.95033419132233,16.980970000000003,-20.0,-20.0,29.124,29.124,149,27,,
2021-07-11 18:41:15-07:00,10.85515134036541,78.95025908946991,16.98944,-20.0,-20.0,29.232,29.232,150,27,,
2021-07-11 18:41:16-07:00,10.855153352022171,78.95018935203552,16.99795,-20.0,-20.0,28.907999999999998,28.907999999999998,151,27,,
2021-07-11 18:41:17-07:00,10.855155363678932,78.9501142501831,17.005689999999998,-20.0,-20.0,28.907999999999998,28.907999999999998,151,27,,
2021-07-11 18:41:18-07:00,10.85515134036541,78.95004451274872,17.01371,-20.0,-20.0,29.483999999999998,29.483999999999998,152,27,,
2021-07-11 18:41:19-07:00,10.855162739753723,78.94995868206024,17.02204,-20.0,-20.0,30.024,30.024,153,27,,
2021-07-11 18:41:20-07:00,10.855166763067245,78.94989430904388,17.03059,-20.0,-20.0,30.6,30.6,154,27,,
2021-07-11 18:41:21-07:00,10.855166763067245,78.94980847835541,17.03918,-20.0,-20.0,31.176000000000002,31.176000000000002,155,27,,
2021-07-11 18:41:22-07:00,10.855168774724007,78.94972264766693,17.04816,-20.0,-20.0,31.680000000000003,31.680000000000003,155,27,,
2021-07-11 18:41:23-07:00,10.855164751410484,78.94964218139648,17.05693,-20.0,-20.0,32.004000000000005,32.004000000000005,156,27,,
2021-07-11 18:41:24-07:00,10.855158045887947,78.94956171512604,17.06577,-20.0,-20.0,32.544,32.544,157,27,,
2021-07-11 18:41:25-07:00,10.855156034231186,78.94948124885559,17.07448,-20.0,-20.0,32.724000000000004,32.724000000000004,158,27,,
2021-07-11 18:41:26-07:00,10.855158045887947,78.94940614700317,17.08323,-20.0,-20.0,32.868,32.868,159,27,,
2021-07-11 18:41:27-07:00,10.855164751410484,78.9493203163147,17.09226,-20.0,-20.0,33.048,33.048,160,27,,
2021-07-11 18:41:28-07:00,10.855166763067245,78.94923448562622,17.101419999999997,-20.0,-20.0,33.552,33.552,160,27,,
2021-07-11 18:41:29-07:00,10.855171456933022,78.94915401935577,17.11114,-20.0,-20.0,33.012,33.012,161,27,,
2021-07-11 18:41:30-07:00,10.85518017411232,78.9490681886673,17.12049,-20.0,-20.0,32.472,32.472,162,27,,
2021-07-11 18:41:31-07:00,10.855186879634857,78.94897699356079,17.12995,-20.0,-20.0,33.408,33.408,163,27,,
2021-07-11 18:41:32-07:00,10.855188891291618,78.94889116287231,17.139490000000002,-20.0,-20.0,34.344,34.344,164,27,,
2021-07-11 18:41:33-07:00,10.855191573500633,78.94879996776581,17.14931,-20.0,-20.0,33.696,33.696,164,27,,
2021-07-11 18:41:34-07:00,10.85519827902317,78.94871950149536,17.15849,-20.0,-20.0,33.083999999999996,33.083999999999996,165,27,,
2021-07-11 18:41:35-07:00,10.855220407247543,78.94863367080688,17.16797,-20.0,-20.0,33.012,33.012,166,27,,
2021-07-11 18:41:36-07:00,10.855241194367409,78.94855856895447,17.17689,-20.0,-20.0,32.832,32.832,167,27,92,
2021-07-11 18:41:37-07:00,10.855275392532349,78.94847273826599,17.186490000000003,-20.0,-20.0,32.724000000000004,32.724000000000004,167,27,87,
2021-07-11 18:41:38-07:00,10.85530623793602,78.94839763641357,17.19581,-20.0,-20.0,32.544,32.544,168,27,89,
2021-07-11 18:41:39-07:00,10.855343118309975,78.94832253456116,17.204939999999997,-20.0,-20.0,33.156000000000006,33.156000000000006,169,27,89,
2021-07-11 18:41:40-07:00,10.855375304818153,78.94824206829071,17.21387,-20.0,-20.0,32.976,32.976,169,27,89,
2021-07-11 18:41:41-07:00,10.855406150221825,78.9481669664383,17.222450000000002,-20.0,-20.0,32.4,32.4,170,27,89,
2021-07-11 18:41:42-07:00,10.855435654520988,78.9480972290039,17.230990000000002,-20.0,-20.0,32.004000000000005,32.004000000000005,170,27,89,
2021-07-11 18:41:43-07:00,10.855463147163391,78.94802212715149,17.23936,-20.0,-20.0,32.544,32.544,171,27,89,
2021-07-11 18:41:44-07:00,10.855496674776077,78.94794702529907,17.24878,-20.0,-20.0,33.012,33.012,172,27,89,
2021-07-11 18:41:45-07:00,10.855528190732002,78.9478611946106,17.2583,-20.0,-20.0,32.832,32.832,172,27,89,
2021-07-11 18:41:46-07:00,10.855565071105957,78.94778609275818,17.26788,-20.0,-20.0,32.940000000000005,32.940000000000005,172,27,89,
2021-07-11 18:41:47-07:00,10.855598598718643,78.9477002620697,17.27739,-20.0,-20.0,31.932,31.932,173,27,90,
2021-07-11 18:41:48-07:00,10.855626091361046,78.94763588905334,17.286099999999998,-20.0,-20.0,32.25600000000001,32.25600000000001,173,27,90,
2021-07-11 18:41:49-07:00,10.85566096007824,78.9475554227829,17.29589,-20.0,-20.0,32.580000000000005,32.580000000000005,174,27,89,
2021-07-11 18:41:50-07:00,10.855688452720642,78.94746422767639,17.30546,-20.0,-20.0,31.607999999999997,31.607999999999997,174,27,89,
2021-07-11 18:41:51-07:00,10.855715274810791,78.94738912582397,17.31486,-20.0,-20.0,31.86,31.86,174,27,89,
2021-07-11 18:41:52-07:00,10.855736061930656,78.9473032951355,17.32434,-20.0,-20.0,32.184,32.184,175,27,89,
2021-07-11 18:41:53-07:00,10.855748131871223,78.94722819328308,17.33302,-20.0,-20.0,32.688,32.688,175,27,89,
2021-07-11 18:41:54-07:00,10.85576020181179,78.94713699817657,17.342200000000002,-20.0,-20.0,33.480000000000004,33.480000000000004,176,27,88,
2021-07-11 18:41:55-07:00,10.855770260095596,78.94704580307007,17.35199,-20.0,-20.0,33.336,33.336,176,27,88,
2021-07-11 18:41:56-07:00,10.855786353349686,78.94697070121765,17.36104,-20.0,-20.0,32.148,32.148,176,27,87,
2021-07-11 18:41:57-07:00,10.855801105499268,78.94689559936523,17.36987,-20.0,-20.0,31.031999999999996,31.031999999999996,176,27,87,
2021-07-11 18:41:58-07:00,10.855811163783073,78.94680976867676,17.378490000000003,-20.0,-20.0,31.716,31.716,177,27,87,
2021-07-11 18:41:59-07:00,10.855826586484909,78.94673466682434,17.38813,-20.0,-20.0,33.012,33.012,177,27,87,
2021-07-11 18:42:00-07:00,10.855837985873222,78.94664347171783,17.397509999999997,-20.0,-20.0,33.264,33.264,177,27,89,
2021-07-11 18:42:01-07:00,10.855851396918297,78.94655227661133,17.40689,-20.0,-20.0,32.868,32.868,177,27,89,
2021-07-11 18:42:02-07:00,10.85587352514267,78.94647181034088,17.41602,-20.0,-20.0,32.04,32.04,177,27,89,
2021-07-11 18:42:03-07:00,10.855896323919296,78.94639134407043,17.42536,-20.0,-20.0,32.25600000000001,32.25600000000001,177,27,87,
2021-07-11 18:42:04-07:00,10.855916440486908,78.94630551338196,17.434759999999997,-20.0,-20.0,32.904,32.904,177,27,87,
2021-07-11 18:42:05-07:00,10.855937898159027,78.94621968269348,17.44423,-20.0,-20.0,33.768,33.768,177,27,88,
2021-07-11 18:42:06-07:00,10.855964720249176,78.94613921642303,17.453619999999997,-20.0,-20.0,33.804,33.804,177,27,89,
2021-07-11 18:42:07-07:00,10.855990871787071,78.94604802131653,17.46318,-20.0,-20.0,33.048,33.048,177,27,89,
2021-07-11 18:42:08-07:00,10.856018364429474,78.94597291946411,17.47287,-20.0,-20.0,32.4,32.4,177,27,90,
2021-07-11 18:42:09-07:00,10.856043174862862,78.94588708877563,17.481939999999998,-20.0,-20.0,31.5,31.5,177,27,90,
2021-07-11 18:42:10-07:00,10.856058597564697,78.94581735134125,17.49024,-20.0,-20.0,30.528000000000002,30.528000000000002,178,27,88,
2021-07-11 18:42:11-07:00,10.856078714132309,78.94574761390686,17.49816,-20.0,-20.0,30.096,30.096,178,27,84,
2021-07-11 18:42:12-07:00,10.856101512908936,78.94567251205444,17.50621,-20.0,-20.0,30.131999999999998,30.131999999999998,178,27,84,
2021-07-11 18:42:13-07:00,10.85612028837204,78.94561350345612,17.51423,-20.0,-20.0,29.088,29.088,178,27,84,
2021-07-11 18:42:14-07:00,10.856135711073875,78.94553303718567,17.52204,-20.0,-20.0,27.791999999999998,27.791999999999998,177,27,,
2021-07-11 18:42:15-07:00,10.856149792671204,78.94547402858734,17.52934,-20.0,-20.0,26.064,26.064,177,27,,
2021-07-11 18:42:16-07:00,10.856167897582054,78.94541501998901,17.53607,-20.0,-20.0,24.804,24.804,177,27,,
2021-07-11 18:42:17-07:00,10.856180638074875,78.94534528255463,17.54309,-20.0,-20.0,24.804,24.804,177,27,106,
2021-07-11 18:42:18-07:00,10.856192708015442,78.9452862739563,17.55023,-20.0,-20.0,25.884,25.884,177,27,106,
2021-07-11 18:42:19-07:00,10.856214836239815,78.94521653652191,17.55762,-20.0,-20.0,26.568,26.568,177,27,74,
2021-07-11 18:42:20-07:00,10.856232941150665,78.94515216350555,17.56482,-20.0,-20.0,27.756,27.756,177,27,78,
2021-07-11 18:42:21-07:00,10.856248363852501,78.9450877904892,17.572950000000002,-20.0,-20.0,29.340000000000003,29.340000000000003,176,27,75,
2021-07-11 18:42:22-07:00,10.856260433793068,78.94500732421875,17.58094,-20.0,-20.0,28.836,28.836,176,27,78,
2021-07-11 18:42:23-07:00,10.85627518594265,78.94494831562042,17.589029999999998,-20.0,-20.0,29.088,29.088,176,27,78,
2021-07-11 18:42:24-07:00,10.85628055036068,78.94486248493195,17.59727,-20.0,-20.0,30.06,30.06,176,27,74,
2021-07-11 18:42:25-07:00,10.856285244226456,78.94478738307953,17.60585,-20.0,-20.0,30.384,30.384,177,27,77,
2021-07-11 18:42:26-07:00,10.8562932908535,78.94470155239105,17.6148,-20.0,-20.0,30.528000000000002,30.528000000000002,177,27,79,
2021-07-11 18:42:27-07:00,10.85629865527153,78.94462645053864,17.623150000000003,-20.0,-20.0,30.276,30.276,177,27,81,
2021-07-11 18:42:28-07:00,10.856303349137306,78.94455134868622,17.6316,-20.0,-20.0,30.348,30.348,177,27,80,
2021-07-11 18:42:29-07:00,10.856306031346321,78.9444762468338,17.64038,-20.0,-20.0,30.636,30.636,177,27,81,
2021-07-11 18:42:30-07:00,10.856305360794067,78.94439041614532,17.6492,-20.0,-20.0,30.888,30.888,177,27,82,
2021-07-11 18:42:31-07:00,10.856311395764351,78.94430994987488,17.65813,-20.0,-20.0,30.852,30.852,177,27,80,
2021-07-11 18:42:32-07:00,10.856312736868858,78.9442241191864,17.66684,-20.0,-20.0,31.14,31.14,177,27,80,
2021-07-11 18:42:33-07:00,10.856312736868858,78.94414901733398,17.67584,-20.0,-20.0,31.824,31.824,177,27,75,
2021-07-11 18:42:34-07:00,10.856310054659843,78.94406318664551,17.684939999999997,-20.0,-20.0,32.04,32.04,177,27,75,
2021-07-11 18:42:35-07:00,10.856306031346321,78.94398808479309,17.69377,-20.0,-20.0,31.680000000000003,31.680000000000003,177,27,75,
2021-07-11 18:42:36-07:00,10.856303349137306,78.94390225410461,17.701990000000002,-20.0,-20.0,31.319999999999997,31.319999999999997,176,27,,
2021-07-11 18:42:37-07:00,10.856295973062515,78.9438271522522,17.71075,-20.0,-20.0,31.356000000000005,31.356000000000005,178,27,,
2021-07-11 18:42:38-07:00,10.856294631958008,78.94374132156372,17.71979,-20.0,-20.0,31.716,31.716,178,27,,
2021-07-11 18:42:39-07:00,10.856281220912933,78.9436662197113,17.72847,-20.0,-20.0,32.184,32.184,177,27,,
2021-07-11 18:42:40-07:00,10.856268480420113,78.94358038902283,17.73744,-20.0,-20.0,32.076,32.076,177,27,,
2021-07-11 18:42:41-07:00,10.856250375509262,78.94350528717041,17.74604,-20.0,-20.0,31.932,31.932,177,27,,
2021-07-11 18:42:42-07:00,10.856230929493904,78.94343554973602,17.75501,-20.0,-20.0,31.86,31.86,176,27,,
2021-07-11 18:42:43-07:00,10.85620142519474,78.94335508346558,17.763930000000002,-20.0,-20.0,31.464000000000002,31.464000000000002,177,27,,
2021-07-11 18:42:44-07:00,10.856167897582054,78.94328534603119,17.772599999999997,-20.0,-20.0,32.184,32.184,177,27,84,
2021-07-11 18:42:45-07:00,10.856135711073875,78.94319951534271,17.78194,-20.0,-20.0,33.624,33.624,177,27,86,
2021-07-11 18:42:46-07:00,10.856100171804428,78.9431244134903,17.791580000000003,-20.0,-20.0,33.948,33.948,177,27,87,
2021-07-11 18:42:47-07:00,10.856060609221458,78.94303858280182,17.801009999999998,-20.0,-20.0,33.624,33.624,177,27,88,
2021-07-11 18:42:48-07:00,10.856025069952011,78.94297420978546,17.80989,-20.0,-20.0,33.624,33.624,177,27,89,
2021-07-11 18:42:49-07:00,10.85597813129425,78.94289374351501,17.81914,-20.0,-20.0,33.192,33.192,177,27,91,
2021-07-11 18:42:50-07:00,10.85592582821846,78.94283473491669,17.82857,-20.0,-20.0,32.688,32.688,176,27,92,
2021-07-11 18:42:51-07:00,10.85587352514267,78.94275963306427,17.83827,-20.0,-20.0,32.472,32.472,178,27,90,
2021-07-11 18:42:52-07:00,10.855822563171387,78.94269526004791,17.84742,-20.0,-20.0,32.364000000000004,32.364000000000004,178,27,90,
2021-07-11 18:42:53-07:00,10.855772942304611,78.94263088703156,17.856720000000003,-20.0,-20.0,34.019999999999996,34.019999999999996,178,27,90,
2021-07-11 18:42:54-07:00,10.855726674199104,78.94254505634308,17.86654,-20.0,-20.0,34.452000000000005,34.452000000000005,178,27,91,
2021-07-11 18:42:55-07:00,10.855695828795433,78.94247531890869,17.87525,-20.0,-20.0,33.480000000000004,33.480000000000004,179,27,91,
2021-07-11 18:42:56-07:00,10.855675712227821,78.94239485263824,17.88446,-20.0,-20.0,34.128,34.128,179,27,92,
2021-07-11 18:42:57-07:00,10.855670347809792,78.94230902194977,17.893720000000002,-20.0,-20.0,33.336,33.336,179,27,90,
2021-07-11 18:42:58-07:00,10.855656266212463,78.94222319126129,17.90274,-20.0,-20.0,31.895999999999997,31.895999999999997,179,27,90,
2021-07-11 18:42:59-07:00,10.855641514062881,78.94214808940887,17.911830000000002,-20.0,-20.0,31.716,31.716,180,27,90,
2021-07-11 18:43:00-07:00,10.855640843510628,78.9420622587204,17.920900000000003,-20.0,-20.0,32.148,32.148,180,27,,
2021-07-11 18:43:01-07:00,10.855640843510628,78.94198179244995,17.93004,-20.0,-20.0,33.552,33.552,180,27,,
2021-07-11 18:43:02-07:00,10.85562139749527,78.94189596176147,17.939580000000003,-20.0,-20.0,34.092000000000006,34.092000000000006,180,27,,
2021-07-11 18:43:03-07:00,10.855583176016808,78.941810131073,17.94891,-20.0,-20.0,33.588,33.588,181,27,87,
2021-07-11 18:43:04-07:00,10.8555369079113,78.94173502922058,17.958509999999997,-20.0,-20.0,32.724000000000004,32.724000000000004,181,27,87,
2021-07-11 18:43:05-07:00,10.855485945940018,78.9416652917862,17.96718,-20.0,-20.0,31.212,31.212,181,27,87,
2021-07-11 18:43:06-07:00,10.85544504225254,78.94160091876984,17.975759999999998,-20.0,-20.0,29.843999999999998,29.843999999999998,179,27,86,
2021-07-11 18:43:07-07:00,10.855398774147034,78.94153654575348,17.98411,-20.0,-20.0,29.195999999999998,29.195999999999998,180,27,86,
2021-07-11 18:43:08-07:00,10.855353847146034,78.94147753715515,17.99261,-20.0,-20.0,28.512,28.512,180,27,83,
2021-07-11 18:43:09-07:00,10.85531160235405,78.94140779972076,18.00087,-20.0,-20.0,27.864,27.864,179,27,83,
2021-07-11 18:43:10-07:00,10.855286121368408,78.94134879112244,18.00902,-20.0,-20.0,26.856,26.856,179,27,83,
2021-07-11 18:43:11-07:00,10.855270698666573,78.94126832485199,18.016569999999998,-20.0,-20.0,25.092,25.092,178,27,53,
2021-07-11 18:43:12-07:00,10.85526131093502,78.94120931625366,18.023799999999998,-20.0,-20.0,24.12,24.12,177,27,53,
2021-07-11 18:43:13-07:00,10.855251252651215,78.94115030765533,18.03079,-20.0,-20.0,23.040000000000003,23.040000000000003,177,27,53,
2021-07-11 18:43:14-07:00,10.85525058209896,78.94108057022095,18.03744,-20.0,-20.0,21.924,21.924,176,27,,
2021-07-11 18:43:15-07:00,10.855255275964737,78.94102692604065,18.043779999999998,-20.0,-20.0,21.168,21.168,175,27,,
2021-07-11 18:43:16-07:00,10.855257958173752,78.94097864627838,18.049580000000002,-20.0,-20.0,20.844,20.844,174,27,,
2021-07-11 18:43:17-07:00,10.855259969830513,78.94091963768005,18.05525,-20.0,-20.0,20.376,20.376,173,27,,
2021-07-11 18:43:18-07:00,10.855266004800797,78.94087672233582,18.06048,-20.0,-20.0,19.692,19.692,172,27,,
2021-07-11 18:43:19-07:00,10.855273380875587,78.94082844257355,18.06592,-20.0,-20.0,19.08,19.08,172,27,,
2021-07-11 18:43:20-07:00,10.855276063084602,78.94077479839325,18.071240000000003,-20.0,-20.0,17.856,17.856,171,27,,
2021-07-11 18:43:21-07:00,10.855280086398125,78.94072651863098,18.07628,-20.0,-20.0,17.208000000000002,17.208000000000002,170,27,,
2021-07-11 18:43:22-07:00,10.855281427502632,78.94068896770477,18.080740000000002,-20.0,-20.0,16.632,16.632,170,27,,
2021-07-11 18:43:23-07:00,10.85528276860714,78.94065141677856,18.08531,-20.0,-20.0,16.452,16.452,169,27,,
2021-07-11 18:43:24-07:00,10.85528276860714,78.94059777259827,18.09002,-20.0,-20.0,16.992,16.992,168,27,,
2021-07-11 18:43:25-07:00,10.855286121368408,78.94056022167206,18.09461,-20.0,-20.0,16.992,16.992,167,27,,
2021-07-11 18:43:26-07:00,10.855286121368408,78.94052267074585,18.09927,-20.0,-20.0,15.984000000000002,15.984000000000002,167,27,,
2021-07-11 18:43:27-07:00,10.85528813302517,78.94049048423767,18.1028,-20.0,-20.0,15.552000000000001,15.552000000000001,166,27,,
2021-07-11 18:43:28-07:00,10.85529550909996,78.94045293331146,18.106669999999998,-20.0,-20.0,15.984000000000002,15.984000000000002,165,27,,
2021-07-11 18:43:29-07:00,10.85530087351799,78.94041538238525,18.11063,-20.0,-20.0,15.371999999999998,15.371999999999998,164,27,,
2021-07-11 18:43:30-07:00,10.85530623793602,78.94038319587708,18.11432,-20.0,-20.0,15.156,15.156,164,27,,
2021-07-11 18:43:31-07:00,10.855304896831512,78.94034564495087,18.11857,-20.0,-20.0,15.228000000000002,15.228000000000002,163,27,,
2021-07-11 18:43:32-07:00,10.855304896831512,78.94030809402466,18.123099999999997,-20.0,-20.0,15.228000000000002,15.228000000000002,162,27,,
2021-07-11 18:43:33-07:00,10.855304896831512,78.94025444984436,18.12781,-20.0,-20.0,15.444,15.444,162,27,,
2021-07-11 18:43:34-07:00,10.85530087351799,78.94021689891815,18.132759999999998,-20.0,-20.0,15.588000000000001,15.588000000000001,161,27,,
2021-07-11 18:43:35-07:00,10.855298191308975,78.94017398357391,18.13759,-20.0,-20.0,15.984000000000002,15.984000000000002,161,27,,
2021-07-11 18:43:36-07:00,10.855291485786438,78.94012570381165,18.14224,-20.0,-20.0,16.704,16.704,161,27,,
2021-07-11 18:43:37-07:00,10.855281427502632,78.94008815288544,18.147080000000003,-20.0,-20.0,17.424,17.424,160,27,,
2021-07-11 18:43:38-07:00,10.855276063084602,78.94003987312317,18.152150000000002,-20.0,-20.0,17.424,17.424,160,27,,
2021-07-11 18:43:39-07:00,10.855268016457558,78.93999695777893,18.157619999999998,-20.0,-20.0,17.496000000000002,17.496000000000002,160,27,,
2021-07-11 18:43:40-07:00,10.85526131093502,78.93994331359863,18.1629,-20.0,-20.0,17.604,17.604,159,27,,
2021-07-11 18:43:41-07:00,10.8552485704422,78.93989503383636,18.16828,-20.0,-20.0,17.64,17.64,158,27,,
2021-07-11 18:43:42-07:00,10.855236500501633,78.93985211849213,18.17335,-20.0,-20.0,17.856,17.856,158,27,,
2021-07-11 18:43:43-07:00,10.855228453874588,78.93981456756592,18.17816,-20.0,-20.0,18.036,18.036,158,27,,
2021-07-11 18:43:44-07:00,10.855220407247543,78.93976092338562,18.18299,-20.0,-20.0,18.324,18.324,158,27,,
2021-07-11 18:43:45-07:00,10.855208337306976,78.93971264362335,18.18835,-20.0,-20.0,18.288,18.288,158,27,,
2021-07-11 18:43:46-07:00,10.855193585157394,78.93966972827911,18.194200000000002,-20.0,-20.0,18.971999999999998,18.971999999999998,158,27,,
2021-07-11 18:43:47-07:00,10.855180844664574,78.93961608409882,18.199840000000002,-20.0,-20.0,19.656,19.656,158,27,,
2021-07-11 18:43:48-07:00,10.855170786380768,78.93956780433655,18.20498,-20.0,-20.0,18.720000000000002,18.720000000000002,158,27,,
2021-07-11 18:43:49-07:00,10.855158045887947,78.93953025341034,18.20974,-20.0,-20.0,18.828000000000003,18.828000000000003,158,27,60,
2021-07-11 18:43:50-07:00,10.855141282081604,78.9394873380661,18.21476,-20.0,-20.0,19.44,19.44,157,27,61,
2021-07-11 18:43:51-07:00,10.855125859379768,78.93943905830383,18.22013,-20.0,-20.0,19.404,19.404,157,27,61,
2021-07-11 18:43:52-07:00,10.855116471648216,78.9393961429596,18.22513,-20.0,-20.0,19.44,19.44,157,27,60,
2021-07-11 18:43:53-07:00,10.855105742812157,78.93934786319733,18.23062,-20.0,-20.0,19.368,19.368,156,27,60,
2021-07-11 18:43:54-07:00,10.855098366737366,78.93929421901703,18.23604,-20.0,-20.0,19.476000000000003,19.476000000000003,156,27,41,
2021-07-11 18:43:55-07:00,10.855080932378769,78.93925130367279,18.24163,-20.0,-20.0,19.872,19.872,156,27,41,
2021-07-11 18:43:56-07:00,10.855071544647217,78.93920302391052,18.247049999999998,-20.0,-20.0,19.98,19.98,155,27,41,
2021-07-11 18:43:57-07:00,10.855056121945381,78.9391440153122,18.252779999999998,-20.0,-20.0,19.512,19.512,155,27,,
2021-07-11 18:43:58-07:00,10.85504338145256,78.93910646438599,18.25826,-20.0,-20.0,19.224,19.224,155,27,,
2021-07-11 18:43:59-07:00,10.85503801703453,78.93905282020569,18.26362,-20.0,-20.0,19.08,19.08,155,27,,
2021-07-11 18:44:00-07:00,10.855028629302979,78.93900454044342,18.26916,-20.0,-20.0,19.296000000000003,19.296000000000003,154,27,,
2021-07-11 18:44:01-07:00,10.85501991212368,78.93895089626312,18.27449,-20.0,-20.0,19.259999999999998,19.259999999999998,154,27,,
2021-07-11 18:44:02-07:00,10.855017900466919,78.93891334533691,18.27933,-20.0,-20.0,18.432000000000002,18.432000000000002,154,27,,
2021-07-11 18:44:03-07:00,10.855010524392128,78.93886506557465,18.284110000000002,-20.0,-20.0,18.324,18.324,153,27,,
2021-07-11 18:44:04-07:00,10.855006501078606,78.93882751464844,18.28891,-20.0,-20.0,18.396,18.396,153,27,,
2021-07-11 18:44:05-07:00,10.855005830526352,78.93877387046814,18.29379,-20.0,-20.0,17.748,17.748,153,27,,
2021-07-11 18:44:06-07:00,10.855005830526352,78.93873631954193,18.29823,-20.0,-20.0,17.64,17.64,152,27,,
2021-07-11 18:44:07-07:00,10.855010524392128,78.93869340419769,18.303069999999998,-20.0,-20.0,17.82,17.82,152,27,,
2021-07-11 18:44:08-07:00,10.855008512735367,78.93864512443542,18.30802,-20.0,-20.0,17.856,17.856,152,27,,
2021-07-11 18:44:09-07:00,10.855010524392128,78.93860220909119,18.31286,-20.0,-20.0,18.144000000000002,18.144000000000002,152,27,,
2021-07-11 18:44:10-07:00,10.855008512735367,78.93856465816498,18.31796,-20.0,-20.0,18.0,18.0,152,27,,
2021-07-11 18:44:11-07:00,10.854999795556068,78.93851637840271,18.32273,-20.0,-20.0,17.964000000000002,17.964000000000002,152,27,,
2021-07-11 18:44:12-07:00,10.854995101690292,78.93846273422241,18.32792,-20.0,-20.0,18.36,18.36,152,27,,
2021-07-11 18:44:13-07:00,10.85499107837677,78.93841981887817,18.33314,-20.0,-20.0,18.864,18.864,151,27,,
2021-07-11 18:44:14-07:00,10.854986384510994,78.9383715391159,18.3387,-20.0,-20.0,18.468,18.468,151,27,,
2021-07-11 18:44:15-07:00,10.854981020092964,78.93831789493561,18.34381,-20.0,-20.0,18.108,18.108,150,27,,
2021-07-11 18:44:16-07:00,10.85497297346592,78.93827497959137,18.34966,-20.0,-20.0,18.900000000000002,18.900000000000002,150,27,,
2021-07-11 18:44:17-07:00,10.854968279600143,78.93822133541107,18.35541,-20.0,-20.0,19.08,19.08,149,27,,
2021-07-11 18:44:18-07:00,10.854960903525352,78.9381730556488,18.36084,-20.0,-20.0,19.116,19.116,149,27,,
2021-07-11 18:44:19-07:00,10.854952856898308,78.93811404705048,18.366349999999997,-20.0,-20.0,19.548,19.548,149,27,,
2021-07-11 18:44:20-07:00,10.854941457509995,78.93806576728821,18.37185,-20.0,-20.0,19.476000000000003,19.476000000000003,148,27,,
2021-07-11 18:44:21-07:00,10.854923352599144,78.938028216362,18.37717,-20.0,-20.0,18.828000000000003,18.828000000000003,148,27,,
2021-07-11 18:44:22-07:00,10.85490994155407,78.9379745721817,18.38234,-20.0,-20.0,17.964000000000002,17.964000000000002,148,27,,
2021-07-11 18:44:23-07:00,10.854898542165756,78.9379370212555,18.38719,-20.0,-20.0,17.316,17.316,147,27,,
2021-07-11 18:44:24-07:00,10.85488848388195,78.93789947032928,18.3918,-20.0,-20.0,16.704,16.704,146,27,,
2021-07-11 18:44:25-07:00,10.85487574338913,78.93785119056702,18.39659,-20.0,-20.0,16.344,16.344,146,27,,
2021-07-11 18:44:26-07:00,10.854868367314339,78.93781363964081,18.40091,-20.0,-20.0,16.272,16.272,145,27,,
2021-07-11 18:44:27-07:00,10.854855626821518,78.9377760887146,18.40532,-20.0,-20.0,16.776,16.776,145,27,,
2021-07-11 18:44:28-07:00,10.85484154522419,78.93773853778839,18.40962,-20.0,-20.0,17.208000000000002,17.208000000000002,144,27,,
2021-07-11 18:44:29-07:00,10.854826122522354,78.93770098686218,18.41456,-20.0,-20.0,17.172,17.172,144,27,,
2021-07-11 18:44:30-07:00,10.854810699820518,78.93765270709991,18.419220000000003,-20.0,-20.0,17.604,17.604,144,27,51,
2021-07-11 18:44:31-07:00,10.854801312088966,78.93760979175568,18.424419999999998,-20.0,-20.0,17.748,17.748,144,27,55,
2021-07-11 18:44:32-07:00,10.854792594909668,78.93757224082947,18.429380000000002,-20.0,-20.0,17.568,17.568,143,27,59,
2021-07-11 18:44:33-07:00,10.854783207178116,78.9375239610672,18.43425,-20.0,-20.0,17.856,17.856,143,27,57,
2021-07-11 18:44:34-07:00,10.854766443371773,78.9374703168869,18.43957,-20.0,-20.0,17.892,17.892,142,27,58,
2021-07-11 18:44:35-07:00,10.854753032326698,78.9374327659607,18.444689999999998,-20.0,-20.0,17.82,17.82,141,27,56,
2021-07-11 18:44:36-07:00,10.854748338460922,78.93738985061646,18.44979,-20.0,-20.0,18.144000000000002,18.144000000000002,141,27,56,
2021-07-11 18:44:37-07:00,10.854755714535713,78.93734157085419,18.45524,-20.0,-20.0,18.252000000000002,18.252000000000002,141,27,56,
2021-07-11 18:44:38-07:00,10.854753032326698,78.93728792667389,18.46016,-20.0,-20.0,17.712,17.712,141,27,56,
2021-07-11 18:44:39-07:00,10.854746326804161,78.93725037574768,18.46492,-20.0,-20.0,17.352,17.352,142,27,56,
2021-07-11 18:44:40-07:00,10.854742974042892,78.93720209598541,18.46971,-20.0,-20.0,17.316,17.316,142,27,,
2021-07-11 18:44:41-07:00,10.854736268520355,78.93715918064117,18.474439999999998,-20.0,-20.0,17.1,17.1,142,27,,
2021-07-11 18:44:42-07:00,10.854730233550072,78.93712162971497,18.47889,-20.0,-20.0,17.136,17.136,142,27,,
2021-07-11 18:44:43-07:00,10.854724869132042,78.9370733499527,18.48353,-20.0,-20.0,17.244,17.244,142,27,,
2021-07-11 18:44:44-07:00,10.854720175266266,78.93704652786255,18.48808,-20.0,-20.0,17.352,17.352,142,27,,
2021-07-11 18:44:45-07:00,10.85471011698246,78.93699288368225,18.49259,-20.0,-20.0,17.172,17.172,142,27,,
2021-07-11 18:44:46-07:00,10.854700058698654,78.93696069717407,18.49689,-20.0,-20.0,16.848,16.848,143,27,,
2021-07-11 18:44:47-07:00,10.854690670967102,78.93692314624786,18.5013,-20.0,-20.0,17.388,17.388,143,27,,
2021-07-11 18:44:48-07:00,10.854687988758087,78.93688559532166,18.50597,-20.0,-20.0,18.396,18.396,143,27,,
2021-07-11 18:44:49-07:00,10.854685306549072,78.93683195114136,18.51114,-20.0,-20.0,18.756,18.756,142,27,,
2021-07-11 18:44:50-07:00,10.854680612683296,78.93678367137909,18.516569999999998,-20.0,-20.0,18.828000000000003,18.828000000000003,142,27,,
2021-07-11 18:44:51-07:00,10.854675248265266,78.93673002719879,18.52191,-20.0,-20.0,19.116,19.116,142,27,,
2021-07-11 18:44:52-07:00,10.854673907160759,78.93668711185455,18.52723,-20.0,-20.0,18.684,18.684,141,27,,
2021-07-11 18:44:53-07:00,10.854669883847237,78.93663346767426,18.53251,-20.0,-20.0,18.036,18.036,141,27,,
2021-07-11 18:44:54-07:00,10.854665860533714,78.93658518791199,18.53771,-20.0,-20.0,17.856,17.856,140,27,,
2021-07-11 18:44:55-07:00,10.8546631783247,78.93654227256775,18.543020000000002,-20.0,-20.0,17.856,17.856,140,27,,
2021-07-11 18:44:56-07:00,10.854655802249908,78.93648862838745,18.54844,-20.0,-20.0,18.396,18.396,140,27,,
2021-07-11 18:44:57-07:00,10.854647755622864,78.93644034862518,18.55402,-20.0,-20.0,19.044,19.044,140,27,,
2021-07-11 18:44:58-07:00,10.854643061757088,78.93638670444489,18.55966,-20.0,-20.0,18.864,18.864,140,27,,
2021-07-11 18:44:59-07:00,10.854635685682297,78.93633306026459,18.564790000000002,-20.0,-20.0,18.36,18.36,140,27,,
2021-07-11 18:45:00-07:00,10.854622945189476,78.93629550933838,18.5697,-20.0,-20.0,17.784000000000002,17.784000000000002,140,27,,
2021-07-11 18:45:01-07:00,10.854610875248909,78.93625795841217,18.57457,-20.0,-20.0,18.18,18.18,140,27,,
2021-07-11 18:45:02-07:00,10.854593440890312,78.93621504306793,18.58007,-20.0,-20.0,18.900000000000002,18.900000000000002,140,27,,
2021-07-11 18:45:03-07:00,10.854583382606506,78.93616139888763,18.5852,-20.0,-20.0,18.576,18.576,140,27,,
2021-07-11 18:45:04-07:00,10.85457667708397,78.93611311912537,18.59048,-20.0,-20.0,19.116,19.116,140,27,,
2021-07-11 18:45:05-07:00,10.85457667708397,78.93607020378113,18.59582,-20.0,-20.0,19.332,19.332,140,27,,
2021-07-11 18:45:06-07:00,10.854575335979462,78.93601655960083,18.60118,-20.0,-20.0,19.044,19.044,139,27,,
2021-07-11 18:45:07-07:00,10.85457131266594,78.93596827983856,18.606650000000002,-20.0,-20.0,18.540000000000003,18.540000000000003,140,27,,
2021-07-11 18:45:08-07:00,10.854570642113686,78.9359200000763,18.61171,-20.0,-20.0,17.244,17.244,140,27,,
2021-07-11 18:45:09-07:00,10.854559913277626,78.93588244915009,18.61627,-20.0,-20.0,17.748,17.748,140,27,,
2021-07-11 18:45:10-07:00,10.854559913277626,78.93582880496979,18.62146,-20.0,-20.0,18.828000000000003,18.828000000000003,140,27,,
2021-07-11 18:45:11-07:00,10.85456594824791,78.93578588962555,18.62662,-20.0,-20.0,17.82,17.82,140,27,,
2021-07-11 18:45:12-07:00,10.85456795990467,78.93574833869934,18.63108,-20.0,-20.0,17.244,17.244,140,27,,
2021-07-11 18:45:13-07:00,10.85457131266594,78.93570005893707,18.6363,-20.0,-20.0,18.036,18.036,140,27,,
2021-07-11 18:45:14-07:00,10.85456795990467,78.93564641475677,18.641419999999997,-20.0,-20.0,18.540000000000003,18.540000000000003,139,27,,
2021-07-11 18:45:15-07:00,10.854570642113686,78.93560349941254,18.64666,-20.0,-20.0,18.144000000000002,18.144000000000002,139,27,,
2021-07-11 18:45:16-07:00,10.85457131266594,78.93555521965027,18.651709999999998,-20.0,-20.0,17.496000000000002,17.496000000000002,139,27,,
2021-07-11 18:45:17-07:00,10.85457667708397,78.93550157546997,18.6568,-20.0,-20.0,17.46,17.46,138,27,,
2021-07-11 18:45:18-07:00,10.854586064815521,78.93547475337982,18.66141,-20.0,-20.0,17.424,17.424,137,27,,
2021-07-11 18:45:19-07:00,10.854593440890312,78.93542647361755,18.666,-20.0,-20.0,17.424,17.424,137,27,,
2021-07-11 18:45:20-07:00,10.85460014641285,78.93538892269135,18.67089,-20.0,-20.0,17.244,17.244,136,27,,
2021-07-11 18:45:21-07:00,10.854602828621864,78.93534064292908,18.67544,-20.0,-20.0,16.236,16.236,136,27,,
2021-07-11 18:45:22-07:00,10.854606181383133,78.93530309200287,18.67941,-20.0,-20.0,15.588000000000001,15.588000000000001,135,27,,
2021-07-11 18:45:23-07:00,10.854606181383133,78.93526554107666,18.68369,-20.0,-20.0,16.128000000000004,16.128000000000004,134,27,21,
2021-07-11 18:45:24-07:00,10.854610875248909,78.93522799015045,18.68831,-20.0,-20.0,16.092,16.092,133,27,29,
2021-07-11 18:45:25-07:00,10.854615569114685,78.93518507480621,18.693,-20.0,-20.0,15.371999999999998,15.371999999999998,133,27,29,
2021-07-11 18:45:26-07:00,10.854616239666939,78.93513679504395,18.697490000000002,-20.0,-20.0,15.120000000000001,15.120000000000001,133,27,29,
2021-07-11 18:45:27-07:00,10.8546182513237,78.93509924411774,18.702090000000002,-20.0,-20.0,15.552000000000001,15.552000000000001,133,27,,
2021-07-11 18:45:28-07:00,10.854613557457924,78.93506169319153,18.70664,-20.0,-20.0,15.696000000000002,15.696000000000002,133,27,,
2021-07-11 18:45:29-07:00,10.854604840278625,78.93500804901123,18.71175,-20.0,-20.0,15.515999999999998,15.515999999999998,133,27,,
2021-07-11 18:45:30-07:00,10.854601487517357,78.93497049808502,18.7163,-20.0,-20.0,15.48,15.48,133,27,,
2021-07-11 18:45:31-07:00,10.85460014641285,78.93492221832275,18.72124,-20.0,-20.0,15.228000000000002,15.228000000000002,132,27,,
2021-07-11 18:45:32-07:00,10.85460014641285,78.93488466739655,18.72592,-20.0,-20.0,15.120000000000001,15.120000000000001,131,27,,
2021-07-11 18:45:33-07:00,10.854595452547073,78.93483102321625,18.730790000000002,-20.0,-20.0,15.156,15.156,130,27,,
2021-07-11 18:45:34-07:00,10.854590758681297,78.93479347229004,18.73566,-20.0,-20.0,15.120000000000001,15.120000000000001,130,27,,
2021-07-11 18:45:35-07:00,10.854584723711014,78.93474519252777,18.740650000000002,-20.0,-20.0,15.515999999999998,15.515999999999998,129,27,,
2021-07-11 18:45:36-07:00,10.854583382606506,78.93470764160156,18.74531,-20.0,-20.0,15.803999999999998,15.803999999999998,129,27,,
2021-07-11 18:45:37-07:00,10.854580029845238,78.93466472625732,18.74939,-20.0,-20.0,15.803999999999998,15.803999999999998,129,27,,
2021-07-11 18:45:38-07:00,10.85457667708397,78.93462717533112,18.754009999999997,-20.0,-20.0,15.371999999999998,15.371999999999998,128,27,,
2021-07-11 18:45:39-07:00,10.85457667708397,78.93458962440491,18.75836,-20.0,-20.0,15.048,15.048,128,27,,
2021-07-11 18:45:40-07:00,10.85457667708397,78.93454670906067,18.76242,-20.0,-20.0,15.048,15.048,127,27,,
2021-07-11 18:45:41-07:00,10.85457131266594,78.93450915813446,18.76622,-20.0,-20.0,14.508000000000001,14.508000000000001,127,27,,
2021-07-11 18:45:42-07:00,10.85457131266594,78.93448233604431,18.76953,-20.0,-20.0,12.528,12.528,127,27,,
2021-07-11 18:45:43-07:00,10.854580029845238,78.93446624279022,18.771900000000002,-20.0,-20.0,8.676,8.676,127,27,,
2021-07-11 18:45:44-07:00,10.854598134756088,78.93445551395416,18.774099999999997,-20.0,-20.0,6.12,6.12,127,27,,
2021-07-11 18:45:45-07:00,10.854616239666939,78.93445551395416,18.776040000000002,-20.0,-20.0,6.228,6.228,126,27,,
2021-07-11 18:45:46-07:00,10.854627639055252,78.93446624279022,18.77777,-20.0,-20.0,7.164,7.164,126,27,,
2021-07-11 18:45:47-07:00,10.85463099181652,78.93448770046234,18.77976,-20.0,-20.0,8.028,8.028,126,27,,
2021-07-11 18:45:48-07:00,10.85463099181652,78.93450379371643,18.78211,-20.0,-20.0,8.532,8.532,127,27,29,
2021-07-11 18:45:49-07:00,10.854631662368774,78.93452525138855,18.7849,-20.0,-20.0,8.568,8.568,128,27,29,
2021-07-11 18:45:50-07:00,10.854635685682297,78.93456280231476,18.788040000000002,-20.0,-20.0,9.432,9.432,129,27,29,
2021-07-11 18:45:51-07:00,10.85463635623455,78.93459498882294,18.7915,-20.0,-20.0,11.124,11.124,129,27,,
2021-07-11 18:45:52-07:00,10.854640379548073,78.93463253974915,18.795560000000002,-20.0,-20.0,12.852,12.852,130,27,21,
2021-07-11 18:45:53-07:00,10.854645743966103,78.93466472625732,18.799259999999997,-20.0,-20.0,13.536,13.536,131,27,21,
2021-07-11 18:45:54-07:00,10.854645073413849,78.93468618392944,18.80237,-20.0,-20.0,12.6,12.6,131,27,21,
2021-07-11 18:45:55-07:00,10.854643061757088,78.93471837043762,18.80488,-20.0,-20.0,12.420000000000002,12.420000000000002,131,27,,
2021-07-11 18:45:56-07:00,10.854653790593147,78.93474519252777,18.80821,-20.0,-20.0,13.536,13.536,131,27,,
2021-07-11 18:45:57-07:00,10.854658484458923,78.93477737903595,18.81207,-20.0,-20.0,14.688,14.688,131,27,,
2021-07-11 18:45:58-07:00,10.854665860533714,78.93482565879822,18.81697,-20.0,-20.0,15.3,15.3,131,27,,
2021-07-11 18:45:59-07:00,10.854676589369774,78.93487930297852,18.82232,-20.0,-20.0,16.38,16.38,131,27,,
2021-07-11 18:46:00-07:00,10.85468128323555,78.93492221832275,18.827599999999997,-20.0,-20.0,18.396,18.396,131,27,,
2021-07-11 18:46:01-07:00,10.85468128323555,78.93497049808502,18.83328,-20.0,-20.0,20.592,20.592,132,27,,
2021-07-11 18:46:02-07:00,10.854678601026535,78.93502414226532,18.839209999999998,-20.0,-20.0,22.464000000000002,22.464000000000002,132,27,,
2021-07-11 18:46:03-07:00,10.854673907160759,78.93508315086365,18.84568,-20.0,-20.0,22.536,22.536,133,27,,
